Date,Vehicle_ID,Driver_ID,Route_ID,Origin_City,Destination_City,Planned_Kilometers,Actual_Kilometers,Fuel_Consumed_Liters,Delivery_Time_Hours,Delay_Hours,Cargo_Weight_Tons,On_Time_Delivery,Weather_Conditions,Traffic_Conditions,Comments
2024-04-04,V007,D093,R009,Delhi,Ahmedabad,579,590,99.73,14.68,0.36,9.37,Yes,Rainy,Heavy,Vehicle Breakdown
2024-04-12,V041,D035,R008,Mumbai,Ahmedabad,813,893,178.51,20.88,0.31,14.91,Yes,Stormy,Heavy,Vehicle Breakdown
2024-04-20,V011,D018,R016,Delhi,Nagpur,1000,1002,157.26,26.33,0.78,3.86,Yes,Stormy,Heavy,Vehicle Breakdown
2024-02-07,V044,D065,R002,Chennai,Lucknow,742,764,144.32,14.6,1.25,15.03,No,Clear,Heavy,Traffic Jam
2024-03-07,V036,D068,R009,Delhi,Indore,1019,1032,167.96,27.57,1.11,11.26,No,Rainy,Moderate,Late Departure
2024-03-24,V048,D076,R007,Chennai,Pune,1377,1404,194.42,26.66,2.08,4.59,No,Rainy,Heavy,Late Departure
2024-03-10,V027,D074,R002,Kolkata,Ahmedabad,1075,1121,213.89,21.99,0.72,4.38,Yes,Foggy,Light,Weather Delay
2024-02-14,V001,D043,R007,Delhi,Pune,884,954,139.43,21.0,0.05,11.67,Yes,Rainy,Light,Vehicle Breakdown
2024-02-10,V034,D099,R004,Bangalore,Pune,688,748,110.18,12.64,0.22,12.23,Yes,Foggy,Light,Smooth Delivery
2024-01-22,V017,D087,R013,Hyderabad,Nagpur,1464,1566,238.12,39.76,1.31,13.01,No,Rainy,Heavy,Vehicle Breakdown
2024-01-30,V035,D071,R008,Bangalore,Lucknow,945,1001,137.43,18.74,1.63,5.88,No,Clear,Light,Smooth Delivery
2024-04-26,V022,D018,R014,Bangalore,Lucknow,1303,1316,179.58,24.1,0.12,11.64,Yes,Rainy,Light,Late Departure
2024-03-14,V001,D060,R007,Hyderabad,Surat,1177,1173,206.65,26.09,1.4,2.18,No,Foggy,Heavy,Weather Delay
2024-02-24,V044,D028,R016,Bangalore,Ahmedabad,884,943,126.41,16.28,0.3,12.7,Yes,Clear,Heavy,Late Departure
2024-03-26,V031,D088,R004,Chennai,Jaipur,1184,1200,199.85,25.57,2.29,2.41,No,Foggy,Heavy,Vehicle Breakdown
2024-03-23,V001,D063,R004,Hyderabad,Lucknow,390,427,57.47,7.8,2.14,9.0,No,Foggy,Moderate,Late Departure
2024-02-25,V050,D023,R002,Delhi,Surat,1190,1264,205.18,22.46,0.29,7.26,Yes,Rainy,Moderate,Traffic Jam
2024-02-27,V042,D057,R005,Delhi,Nagpur,1068,1102,184.97,24.56,1.02,17.41,No,Rainy,Heavy,Traffic Jam
2024-04-23,V039,D041,R011,Chennai,Surat,1197,1231,202.22,29.96,0.79,11.28,Yes,Foggy,Light,Traffic Jam
2024-03-26,V020,D004,R008,Kolkata,Nagpur,789,837,156.07,20.01,0.72,8.49,Yes,Rainy,Light,Weather Delay
2024-02-01,V022,D057,R013,Mumbai,Lucknow,556,560,75.87,13.4,1.05,13.23,No,Foggy,Heavy,Vehicle Breakdown
2024-04-22,V021,D087,R002,Delhi,Pune,1019,1003,140.16,22.18,0.89,16.58,Yes,Rainy,Heavy,Smooth Delivery
2024-03-03,V036,D034,R016,Hyderabad,Lucknow,350,345,45.1,7.57,1.41,17.75,No,Stormy,Light,Vehicle Breakdown
2024-04-12,V025,D086,R016,Mumbai,Nagpur,846,907,133.29,16.9,0.85,11.85,Yes,Stormy,Light,Late Departure
2024-01-05,V033,D009,R004,Kolkata,Nagpur,559,536,101.72,10.84,0.09,5.05,Yes,Clear,Heavy,Late Departure
2024-01-03,V018,D009,R017,Mumbai,Pune,867,927,185.27,21.33,1.32,12.72,No,Stormy,Moderate,Smooth Delivery
2024-03-07,V024,D056,R007,Chennai,Surat,1144,1220,187.18,25.32,1.94,10.98,No,Rainy,Heavy,Traffic Jam
2024-04-10,V012,D100,R016,Mumbai,Lucknow,883,919,119.45,20.52,0.73,2.06,Yes,Rainy,Light,Weather Delay
2024-02-29,V030,D029,R008,Delhi,Jaipur,453,472,92.74,10.05,2.45,11.9,No,Foggy,Light,Traffic Jam
2024-02-26,V035,D096,R001,Delhi,Pune,1105,1094,148.67,27.36,1.98,12.98,No,Stormy,Light,Smooth Delivery
2024-02-27,V006,D014,R017,Hyderabad,Jaipur,746,727,94.23,19.12,6.85,2.13,No,Rainy,Moderate,Traffic Jam
2024-02-24,V048,D087,R018,Bangalore,Jaipur,361,357,63.75,10.23,1.98,14.48,No,Clear,Heavy,Weather Delay
2024-04-11,V044,D061,R002,Chennai,Nagpur,812,867,150.26,18.5,1.61,9.92,No,Rainy,Light,Vehicle Breakdown
2024-01-28,V031,D084,R002,Bangalore,Lucknow,1260,1328,192.41,33.79,2.28,14.97,No,Rainy,Light,Weather Delay
2024-02-18,V045,D066,R006,Mumbai,Nagpur,358,375,68.61,8.87,0.75,7.04,Yes,Clear,Heavy,Late Departure
2024-04-05,V029,D065,R013,Bangalore,Lucknow,412,405,54.61,8.63,1.25,6.07,No,Rainy,Heavy,Traffic Jam
2024-02-20,V049,D002,R007,Hyderabad,Pune,697,758,136.0,13.69,5.1,15.09,No,Stormy,Light,Smooth Delivery
2024-03-23,V019,D061,R015,Hyderabad,Surat,1376,1512,217.46,34.97,0.34,7.84,Yes,Rainy,Moderate,Traffic Jam
2024-01-16,V025,D055,R003,Mumbai,Indore,1474,1401,198.86,36.51,2.53,8.47,No,Foggy,Heavy,Smooth Delivery
2024-04-04,V007,D052,R004,Mumbai,Jaipur,1203,1229,155.63,30.19,1.92,15.59,No,Stormy,Heavy,Vehicle Breakdown
2024-01-08,V037,D038,R002,Delhi,Jaipur,940,924,142.09,22.38,2.22,13.2,No,Stormy,Light,Late Departure
2024-03-10,V039,D023,R002,Bangalore,Nagpur,896,915,124.69,22.57,2.1,17.58,No,Rainy,Light,Smooth Delivery
2024-02-21,V048,D001,R012,Chennai,Lucknow,1312,1419,193.03,30.4,6.01,8.83,No,Stormy,Heavy,Vehicle Breakdown
2024-02-29,V018,D015,R018,Chennai,Ahmedabad,557,582,106.14,10.2,1.83,15.56,No,Rainy,Moderate,Vehicle Breakdown
2024-01-16,V020,D050,R019,Kolkata,Ahmedabad,378,362,49.66,7.49,1.67,7.25,No,Clear,Moderate,Smooth Delivery
2024-03-05,V016,D026,R006,Mumbai,Surat,446,456,85.53,10.04,0.42,8.28,Yes,Clear,Light,Weather Delay
2024-04-07,V046,D087,R004,Chennai,Indore,592,576,101.23,16.21,3.79,11.55,No,Rainy,Heavy,Late Departure
2024-01-05,V003,D054,R011,Mumbai,Pune,1098,1108,167.75,23.08,3.82,5.22,No,Clear,Heavy,Weather Delay
2024-04-02,V002,D050,R003,Hyderabad,Lucknow,525,522,65.85,12.38,0.03,4.66,Yes,Stormy,Moderate,Vehicle Breakdown
2024-01-04,V011,D070,R008,Bangalore,Ahmedabad,1198,1142,143.29,29.52,3.86,19.93,No,Clear,Moderate,Traffic Jam
2024-04-17,V046,D091,R009,Chennai,Pune,441,458,89.81,12.04,0.99,9.31,Yes,Rainy,Light,Vehicle Breakdown
2024-02-23,V039,D048,R016,Delhi,Pune,1256,1307,206.92,23.4,1.15,14.49,No,Clear,Light,Vehicle Breakdown
2024-04-25,V029,D071,R014,Hyderabad,Ahmedabad,768,832,152.92,19.4,0.17,4.51,Yes,Stormy,Moderate,Weather Delay
2024-04-10,V039,D068,R019,Kolkata,Indore,1419,1457,244.32,32.65,6.07,4.82,No,Rainy,Light,Late Departure
2024-04-13,V021,D043,R013,Delhi,Ahmedabad,862,888,167.65,20.84,1.12,19.04,No,Clear,Heavy,Vehicle Breakdown
2024-02-09,V035,D019,R013,Delhi,Indore,1281,1292,248.71,29.96,0.24,6.14,Yes,Foggy,Moderate,Smooth Delivery
2024-04-23,V004,D074,R015,Hyderabad,Pune,573,597,114.76,12.94,1.41,9.59,No,Stormy,Heavy,Smooth Delivery
2024-03-05,V033,D029,R010,Mumbai,Surat,986,939,118.02,23.29,2.26,7.86,No,Stormy,Moderate,Vehicle Breakdown
2024-02-02,V021,D017,R020,Hyderabad,Nagpur,578,590,95.7,13.81,0.03,8.48,Yes,Rainy,Light,Weather Delay
2024-03-14,V045,D051,R015,Delhi,Lucknow,1026,1111,157.12,27.07,1.34,18.06,No,Foggy,Light,Traffic Jam
2024-02-04,V044,D064,R014,Kolkata,Nagpur,949,1001,183.8,18.13,0.54,10.17,Yes,Rainy,Heavy,Traffic Jam
2024-02-22,V004,D035,R003,Delhi,Ahmedabad,651,669,88.59,12.14,3.98,2.14,No,Foggy,Light,Traffic Jam
2024-01-02,V042,D079,R006,Hyderabad,Indore,900,979,189.61,22.32,1.09,10.64,No,Stormy,Moderate,Smooth Delivery
2024-01-11,V033,D085,R010,Hyderabad,Pune,1150,1196,185.76,21.42,0.41,6.93,Yes,Foggy,Heavy,Vehicle Breakdown
2024-01-26,V041,D050,R011,Chennai,Jaipur,726,789,150.85,15.38,1.72,11.1,No,Rainy,Heavy,Traffic Jam
2024-02-24,V028,D056,R013,Mumbai,Ahmedabad,1464,1543,279.62,28.13,0.23,9.21,Yes,Rainy,Heavy,Weather Delay
2024-01-09,V043,D014,R017,Mumbai,Lucknow,457,439,66.16,9.44,4.25,15.31,No,Stormy,Light,Traffic Jam
2024-03-26,V010,D085,R006,Bangalore,Surat,655,675,86.56,14.7,1.24,12.73,No,Foggy,Moderate,Weather Delay
2024-04-05,V020,D097,R005,Bangalore,Jaipur,307,310,41.25,7.93,1.21,15.0,No,Rainy,Light,Traffic Jam
2024-01-08,V004,D047,R016,Bangalore,Surat,840,911,119.06,18.59,1.55,9.1,No,Rainy,Moderate,Smooth Delivery
2024-01-18,V001,D067,R016,Kolkata,Nagpur,835,851,110.25,15.57,3.39,4.49,No,Stormy,Light,Smooth Delivery
2024-02-06,V027,D078,R010,Chennai,Indore,614,661,84.26,14.54,1.1,16.02,No,Stormy,Light,Weather Delay
2024-04-30,V040,D071,R020,Hyderabad,Lucknow,569,588,73.68,12.9,1.88,16.27,No,Foggy,Light,Traffic Jam
2024-03-01,V045,D091,R016,Mumbai,Pune,753,771,101.84,16.4,0.8,3.94,Yes,Foggy,Heavy,Weather Delay
2024-01-13,V010,D030,R011,Kolkata,Lucknow,1082,1091,151.49,20.25,0.43,8.39,Yes,Rainy,Moderate,Vehicle Breakdown
2024-04-28,V016,D070,R001,Hyderabad,Surat,1470,1430,202.2,27.12,1.54,13.11,No,Rainy,Heavy,Weather Delay
2024-04-05,V033,D014,R019,Bangalore,Jaipur,405,418,79.39,8.17,1.38,13.91,No,Rainy,Heavy,Traffic Jam
2024-02-29,V008,D054,R002,Delhi,Ahmedabad,1184,1284,174.65,23.39,3.93,19.82,No,Rainy,Moderate,Traffic Jam
2024-03-13,V048,D012,R004,Hyderabad,Pune,1111,1152,216.27,25.15,2.32,2.5,No,Clear,Moderate,Late Departure
2024-01-16,V021,D012,R001,Mumbai,Surat,1496,1433,275.5,30.15,1.04,8.64,No,Rainy,Heavy,Traffic Jam
2024-01-02,V001,D091,R008,Mumbai,Surat,1368,1321,183.56,33.03,0.46,13.74,Yes,Foggy,Heavy,Smooth Delivery
2024-03-28,V012,D049,R020,Bangalore,Ahmedabad,312,322,52.9,6.52,0.47,16.31,Yes,Clear,Light,Vehicle Breakdown
2024-04-01,V048,D093,R018,Chennai,Nagpur,782,769,140.42,15.44,1.85,5.29,No,Clear,Heavy,Weather Delay
2024-03-16,V033,D093,R008,Bangalore,Indore,689,666,88.62,13.63,0.59,13.85,Yes,Clear,Moderate,Traffic Jam
2024-04-09,V049,D045,R001,Delhi,Indore,1040,1007,154.42,29.4,0.75,3.35,Yes,Foggy,Light,Traffic Jam
2024-02-07,V029,D053,R011,Mumbai,Indore,1013,1034,165.04,23.08,0.07,8.51,Yes,Clear,Light,Weather Delay
2024-03-18,V039,D090,R006,Mumbai,Pune,1030,1095,179.31,20.89,0.69,9.62,Yes,Stormy,Heavy,Smooth Delivery
2024-03-21,V031,D033,R001,Mumbai,Indore,988,1022,130.16,26.58,0.05,12.94,Yes,Stormy,Moderate,Vehicle Breakdown
2024-04-03,V014,D076,R011,Mumbai,Ahmedabad,350,382,47.93,7.83,0.95,13.61,Yes,Clear,Heavy,Weather Delay
2024-01-29,V019,D031,R020,Hyderabad,Jaipur,1262,1304,188.92,24.05,2.06,10.94,No,Stormy,Light,Weather Delay
2024-03-29,V008,D001,R006,Mumbai,Indore,889,906,130.95,20.15,0.92,2.29,Yes,Clear,Moderate,Weather Delay
2024-04-15,V024,D070,R016,Chennai,Nagpur,1258,1227,189.78,24.45,0.49,11.41,Yes,Clear,Heavy,Traffic Jam
2024-04-01,V023,D073,R016,Hyderabad,Lucknow,1003,1004,188.92,18.52,2.89,3.41,No,Foggy,Heavy,Traffic Jam
2024-04-14,V050,D089,R019,Hyderabad,Ahmedabad,880,931,154.07,16.03,0.54,6.3,Yes,Foggy,Heavy,Smooth Delivery
2024-01-15,V018,D010,R016,Mumbai,Ahmedabad,1101,1139,151.76,28.34,1.85,3.11,No,Foggy,Light,Late Departure
2024-03-29,V002,D060,R007,Bangalore,Indore,818,889,169.55,15.35,1.01,10.07,No,Clear,Heavy,Smooth Delivery
2024-02-16,V022,D096,R001,Bangalore,Indore,551,603,75.65,11.48,0.2,11.11,Yes,Foggy,Heavy,Late Departure
2024-04-20,V019,D009,R020,Bangalore,Surat,1220,1255,191.8,26.3,0.03,14.8,Yes,Stormy,Moderate,Smooth Delivery
2024-01-09,V032,D063,R018,Chennai,Indore,599,633,118.4,12.91,1.26,14.28,No,Clear,Light,Smooth Delivery
2024-04-17,V003,D013,R002,Kolkata,Nagpur,1151,1108,161.06,28.34,1.06,15.92,No,Rainy,Heavy,Weather Delay
2024-03-27,V031,D070,R012,Chennai,Ahmedabad,770,813,151.77,16.44,5.22,4.82,No,Clear,Moderate,Weather Delay
2024-03-10,V019,D079,R009,Mumbai,Surat,1219,1314,184.87,24.15,0.5,7.18,Yes,Clear,Heavy,Traffic Jam
2024-01-04,V005,D097,R016,Bangalore,Jaipur,1117,1212,199.36,30.81,1.38,4.25,No,Stormy,Light,Weather Delay
2024-02-17,V015,D001,R002,Mumbai,Jaipur,1347,1440,207.94,25.66,2.3,4.02,No,Rainy,Moderate,Vehicle Breakdown
2024-04-18,V040,D090,R011,Chennai,Pune,1155,1163,158.8,26.65,5.38,15.24,No,Clear,Light,Smooth Delivery
2024-02-15,V043,D025,R008,Kolkata,Pune,1222,1163,152.23,33.01,0.23,15.22,Yes,Stormy,Light,Late Departure
2024-04-19,V036,D039,R020,Mumbai,Surat,910,982,148.58,22.31,0.65,8.17,Yes,Foggy,Moderate,Late Departure
2024-03-12,V011,D078,R020,Kolkata,Ahmedabad,966,965,168.45,20.48,3.46,7.53,No,Rainy,Light,Weather Delay
2024-04-18,V039,D015,R015,Kolkata,Pune,1437,1405,186.94,28.83,4.01,4.98,No,Stormy,Heavy,Late Departure
2024-03-28,V045,D018,R001,Kolkata,Lucknow,960,932,140.69,20.3,0.98,12.78,Yes,Clear,Light,Weather Delay
2024-03-20,V007,D073,R006,Bangalore,Ahmedabad,1232,1203,186.83,25.58,0.85,14.23,Yes,Rainy,Heavy,Vehicle Breakdown
2024-02-17,V006,D005,R002,Chennai,Indore,791,804,133.98,19.26,0.79,2.42,Yes,Rainy,Light,Weather Delay
2024-01-29,V048,D005,R010,Mumbai,Lucknow,576,604,80.16,13.68,0.07,19.76,Yes,Stormy,Moderate,Weather Delay
2024-04-09,V050,D022,R008,Delhi,Indore,631,624,115.99,14.88,2.01,7.29,No,Clear,Light,Late Departure
2024-01-28,V025,D073,R013,Hyderabad,Pune,1392,1442,230.84,37.26,0.6,15.05,Yes,Stormy,Light,Weather Delay
2024-04-23,V004,D021,R018,Chennai,Lucknow,1346,1402,261.6,35.17,1.54,16.64,No,Clear,Light,Traffic Jam
2024-02-18,V044,D085,R013,Delhi,Ahmedabad,946,948,139.7,24.63,0.56,2.36,Yes,Clear,Heavy,Weather Delay
2024-03-21,V009,D033,R020,Hyderabad,Nagpur,698,743,119.78,13.6,1.85,16.92,No,Rainy,Light,Late Departure
2024-02-23,V018,D082,R012,Chennai,Nagpur,475,471,84.78,8.73,1.9,17.01,No,Foggy,Moderate,Vehicle Breakdown
2024-01-07,V048,D084,R013,Hyderabad,Indore,332,316,52.12,6.66,0.12,12.21,Yes,Clear,Light,Smooth Delivery
2024-02-16,V045,D018,R010,Bangalore,Indore,1397,1417,280.44,35.17,0.5,4.01,Yes,Rainy,Heavy,Weather Delay
2024-03-31,V035,D091,R005,Kolkata,Surat,581,606,105.81,14.33,3.43,10.41,No,Clear,Moderate,Traffic Jam
2024-01-23,V041,D042,R020,Mumbai,Indore,1181,1191,166.07,22.2,0.04,10.07,Yes,Rainy,Moderate,Weather Delay
2024-02-26,V007,D054,R006,Hyderabad,Pune,680,708,118.88,13.48,5.34,18.98,No,Clear,Light,Weather Delay
2024-02-08,V029,D061,R015,Mumbai,Pune,1231,1218,214.47,22.73,0.92,5.75,Yes,Rainy,Heavy,Late Departure
2024-04-22,V021,D075,R004,Bangalore,Indore,1311,1384,236.45,32.49,3.17,4.92,No,Foggy,Moderate,Traffic Jam
2024-03-10,V014,D070,R011,Kolkata,Lucknow,841,807,138.96,17.84,0.2,10.49,Yes,Foggy,Light,Smooth Delivery
2024-02-14,V040,D067,R014,Kolkata,Surat,511,533,70.63,12.9,2.55,6.23,No,Foggy,Heavy,Late Departure
2024-02-26,V035,D078,R007,Delhi,Pune,1390,1461,232.2,37.27,1.88,5.92,No,Clear,Light,Late Departure
2024-04-26,V034,D042,R010,Mumbai,Pune,963,940,154.73,20.04,0.4,5.31,Yes,Stormy,Light,Vehicle Breakdown
2024-01-23,V003,D081,R010,Bangalore,Ahmedabad,1072,1020,159.0,24.6,0.4,2.97,Yes,Clear,Heavy,Smooth Delivery
2024-02-07,V015,D056,R020,Chennai,Lucknow,1444,1464,198.79,29.29,2.96,2.17,No,Stormy,Heavy,Weather Delay
2024-02-10,V046,D081,R001,Kolkata,Surat,368,402,66.73,6.71,0.44,10.49,Yes,Clear,Light,Traffic Jam
2024-02-11,V038,D075,R013,Delhi,Indore,1226,1229,202.56,23.65,2.06,19.86,No,Foggy,Moderate,Vehicle Breakdown
2024-04-10,V021,D018,R002,Chennai,Surat,372,387,60.57,10.11,8.51,11.93,No,Clear,Moderate,Traffic Jam
2024-01-04,V042,D019,R011,Chennai,Jaipur,1458,1538,247.26,31.73,4.29,5.0,No,Clear,Moderate,Traffic Jam
2024-01-02,V050,D048,R004,Delhi,Nagpur,1263,1255,230.01,24.84,0.1,3.47,Yes,Stormy,Light,Vehicle Breakdown
2024-04-02,V044,D071,R007,Kolkata,Surat,1427,1419,216.89,33.09,0.07,19.23,Yes,Foggy,Heavy,Late Departure
2024-01-05,V019,D094,R003,Delhi,Lucknow,1034,1130,193.56,20.83,1.3,6.27,No,Clear,Light,Traffic Jam
2024-01-18,V027,D067,R005,Hyderabad,Ahmedabad,1230,1216,187.84,28.35,0.52,16.54,Yes,Stormy,Heavy,Weather Delay
2024-02-28,V042,D081,R003,Kolkata,Indore,1123,1147,164.69,28.95,1.14,7.72,No,Foggy,Heavy,Late Departure
2024-01-25,V028,D093,R007,Delhi,Indore,960,987,134.42,19.06,0.66,14.5,Yes,Stormy,Moderate,Vehicle Breakdown
2024-02-10,V047,D042,R012,Delhi,Surat,734,800,116.33,19.33,1.71,3.89,No,Clear,Heavy,Late Departure
2024-02-03,V038,D073,R015,Hyderabad,Nagpur,1081,1168,178.32,25.31,0.09,8.85,Yes,Stormy,Moderate,Smooth Delivery
2024-04-26,V007,D075,R007,Kolkata,Indore,1192,1293,255.38,26.79,4.01,9.11,No,Stormy,Heavy,Weather Delay
2024-01-18,V007,D062,R015,Kolkata,Pune,375,380,56.42,8.47,0.28,2.33,Yes,Foggy,Light,Smooth Delivery
2024-03-25,V020,D020,R003,Chennai,Nagpur,1071,1115,143.64,28.85,0.36,8.66,Yes,Foggy,Light,Smooth Delivery
2024-03-10,V015,D011,R017,Delhi,Surat,1359,1455,250.53,25.82,0.08,18.94,Yes,Rainy,Heavy,Weather Delay
2024-04-27,V024,D011,R015,Chennai,Lucknow,995,1028,147.36,23.49,2.28,5.0,No,Foggy,Light,Weather Delay
2024-03-18,V002,D035,R007,Chennai,Jaipur,1436,1374,222.09,27.58,2.11,11.31,No,Clear,Moderate,Traffic Jam
2024-03-17,V008,D038,R017,Delhi,Indore,774,801,148.62,14.94,2.32,13.82,No,Stormy,Light,Late Departure
2024-01-02,V022,D029,R013,Delhi,Nagpur,1382,1409,178.5,26.28,1.55,8.69,No,Rainy,Moderate,Smooth Delivery
2024-03-13,V035,D085,R001,Chennai,Pune,1228,1280,190.3,28.63,0.55,9.33,Yes,Foggy,Light,Late Departure
2024-02-05,V034,D018,R014,Delhi,Pune,595,616,98.02,14.77,2.15,11.57,No,Rainy,Moderate,Smooth Delivery
2024-02-13,V014,D092,R007,Delhi,Ahmedabad,960,921,150.86,18.22,2.11,7.82,No,Rainy,Moderate,Vehicle Breakdown
2024-04-17,V041,D069,R015,Hyderabad,Pune,1428,1557,297.72,26.33,0.42,2.16,Yes,Rainy,Moderate,Smooth Delivery
2024-03-19,V009,D073,R019,Delhi,Indore,1238,1256,206.68,27.04,2.39,17.16,No,Clear,Moderate,Vehicle Breakdown
2024-03-20,V050,D005,R016,Chennai,Nagpur,1196,1208,192.07,31.5,0.07,13.54,Yes,Stormy,Light,Traffic Jam
2024-01-07,V004,D025,R008,Chennai,Lucknow,1454,1395,193.71,31.76,0.33,11.71,Yes,Rainy,Light,Traffic Jam
2024-03-15,V033,D022,R010,Delhi,Pune,327,319,50.5,6.41,0.93,4.68,Yes,Stormy,Light,Vehicle Breakdown
2024-03-25,V046,D040,R013,Chennai,Jaipur,1110,1175,211.32,22.3,0.98,10.17,Yes,Clear,Heavy,Weather Delay
2024-01-26,V038,D016,R020,Delhi,Surat,1380,1487,208.68,38.7,0.53,17.68,Yes,Foggy,Light,Vehicle Breakdown
2024-03-02,V016,D072,R017,Kolkata,Nagpur,730,695,104.74,14.73,1.46,15.69,No,Stormy,Heavy,Late Departure
2024-01-05,V038,D016,R006,Delhi,Pune,1271,1345,190.08,24.71,1.56,9.24,No,Foggy,Light,Late Departure
2024-03-03,V021,D100,R017,Mumbai,Surat,336,342,47.83,6.4,0.48,8.16,Yes,Foggy,Light,Vehicle Breakdown
2024-01-18,V016,D034,R019,Kolkata,Jaipur,894,974,144.61,23.17,1.63,19.83,No,Clear,Moderate,Weather Delay
2024-02-03,V028,D002,R011,Delhi,Surat,420,450,62.18,10.72,3.13,11.46,No,Rainy,Heavy,Traffic Jam
2024-01-22,V048,D011,R004,Bangalore,Pune,1354,1466,244.76,37.36,0.97,6.86,Yes,Rainy,Moderate,Traffic Jam
2024-03-05,V012,D067,R014,Hyderabad,Pune,1155,1221,155.12,23.66,3.27,10.15,No,Stormy,Heavy,Traffic Jam
2024-02-04,V049,D041,R017,Mumbai,Jaipur,922,982,130.43,18.73,1.06,13.27,No,Stormy,Light,Smooth Delivery
2024-03-29,V032,D088,R008,Chennai,Ahmedabad,306,322,55.91,5.98,4.5,10.37,No,Clear,Heavy,Smooth Delivery
2024-02-04,V010,D058,R014,Kolkata,Ahmedabad,304,320,44.38,6.3,1.19,17.87,No,Stormy,Light,Traffic Jam
2024-04-11,V046,D048,R007,Mumbai,Pune,1169,1189,229.39,22.53,1.68,17.29,No,Rainy,Heavy,Smooth Delivery
2024-01-08,V048,D094,R013,Kolkata,Indore,967,938,184.2,18.01,0.24,16.57,Yes,Stormy,Light,Vehicle Breakdown
2024-01-22,V016,D012,R020,Kolkata,Jaipur,413,443,62.17,10.98,1.65,18.0,No,Rainy,Light,Traffic Jam
2024-02-10,V048,D013,R008,Kolkata,Nagpur,387,392,62.81,8.82,0.13,18.06,Yes,Rainy,Moderate,Late Departure
2024-04-21,V046,D088,R016,Delhi,Jaipur,592,639,79.94,12.68,2.09,5.65,No,Rainy,Heavy,Traffic Jam
2024-02-21,V022,D078,R016,Chennai,Nagpur,1454,1526,219.59,27.42,2.66,18.89,No,Foggy,Moderate,Traffic Jam
2024-03-19,V015,D026,R019,Kolkata,Ahmedabad,901,973,127.92,24.84,2.81,12.93,No,Foggy,Light,Late Departure
2024-04-26,V004,D040,R016,Delhi,Nagpur,1380,1389,268.69,28.42,0.6,10.42,Yes,Clear,Moderate,Traffic Jam
2024-04-02,V001,D061,R019,Hyderabad,Pune,388,408,52.75,7.53,0.9,8.98,Yes,Clear,Light,Late Departure
2024-03-12,V042,D076,R007,Mumbai,Ahmedabad,757,746,121.95,20.34,5.32,12.33,No,Stormy,Light,Traffic Jam
2024-02-18,V040,D059,R018,Hyderabad,Indore,1490,1444,238.35,32.43,1.14,2.64,No,Clear,Light,Weather Delay
2024-03-28,V015,D092,R008,Delhi,Jaipur,354,386,66.25,10.02,0.12,12.44,Yes,Stormy,Heavy,Smooth Delivery
2024-02-07,V019,D045,R004,Mumbai,Pune,1335,1295,252.67,31.34,1.46,4.01,No,Clear,Moderate,Weather Delay
2024-03-01,V018,D098,R013,Bangalore,Indore,306,305,48.77,8.01,1.06,3.53,No,Rainy,Light,Smooth Delivery
2024-01-20,V034,D077,R007,Delhi,Pune,762,729,111.14,19.07,0.15,9.63,Yes,Stormy,Heavy,Weather Delay
2024-01-19,V011,D072,R008,Delhi,Surat,856,930,129.66,16.68,3.08,19.51,No,Clear,Heavy,Smooth Delivery
2024-04-13,V010,D093,R019,Hyderabad,Surat,795,846,123.95,18.79,0.3,14.36,Yes,Foggy,Moderate,Traffic Jam
2024-01-28,V012,D065,R014,Mumbai,Indore,1005,1104,172.44,20.31,1.03,9.77,No,Clear,Moderate,Traffic Jam
2024-03-14,V048,D085,R010,Delhi,Surat,368,372,57.11,8.69,2.07,17.74,No,Clear,Moderate,Vehicle Breakdown
2024-03-08,V012,D031,R013,Chennai,Lucknow,993,1074,188.98,18.76,0.63,7.57,Yes,Stormy,Light,Vehicle Breakdown
2024-01-25,V024,D080,R008,Kolkata,Nagpur,486,514,86.91,13.48,0.7,14.99,Yes,Foggy,Light,Smooth Delivery
2024-02-02,V035,D066,R012,Hyderabad,Ahmedabad,460,459,66.63,9.54,1.98,18.15,No,Stormy,Heavy,Smooth Delivery
2024-01-27,V034,D039,R018,Delhi,Lucknow,621,630,114.56,15.01,0.85,14.85,Yes,Stormy,Heavy,Smooth Delivery
2024-01-24,V010,D061,R011,Delhi,Nagpur,873,831,139.73,17.25,1.67,15.17,No,Stormy,Heavy,Traffic Jam
2024-02-02,V008,D016,R020,Bangalore,Surat,1268,1359,184.91,26.07,0.87,19.7,Yes,Foggy,Moderate,Weather Delay
2024-04-27,V019,D051,R002,Bangalore,Ahmedabad,1103,1142,203.63,27.0,1.77,18.65,No,Rainy,Moderate,Weather Delay
2024-03-11,V006,D067,R014,Hyderabad,Pune,1145,1118,213.07,21.76,3.7,6.97,No,Stormy,Light,Traffic Jam
2024-04-05,V013,D024,R016,Hyderabad,Pune,482,485,69.48,11.59,3.15,3.94,No,Clear,Light,Weather Delay
2024-01-08,V028,D082,R011,Bangalore,Lucknow,1181,1128,200.52,29.0,0.18,3.18,Yes,Foggy,Heavy,Traffic Jam
2024-01-05,V044,D019,R018,Bangalore,Nagpur,1084,1152,209.73,20.35,0.69,14.07,Yes,Stormy,Heavy,Vehicle Breakdown
2024-02-03,V016,D070,R014,Delhi,Ahmedabad,1375,1352,236.32,29.57,1.23,15.84,No,Stormy,Heavy,Late Departure
2024-04-21,V007,D038,R015,Mumbai,Pune,1327,1411,201.22,30.17,3.32,13.21,No,Stormy,Light,Late Departure
2024-01-09,V043,D008,R005,Chennai,Ahmedabad,319,350,46.93,8.89,0.58,12.29,Yes,Stormy,Light,Late Departure
2024-03-21,V043,D002,R005,Kolkata,Lucknow,454,480,72.17,8.95,0.5,5.31,Yes,Foggy,Light,Weather Delay
2024-03-12,V013,D020,R013,Hyderabad,Surat,969,928,138.1,19.87,0.59,13.04,Yes,Foggy,Moderate,Smooth Delivery
2024-01-22,V023,D098,R013,Delhi,Indore,449,430,81.16,9.16,0.69,14.08,Yes,Foggy,Heavy,Vehicle Breakdown
2024-01-19,V036,D070,R010,Bangalore,Jaipur,1071,1151,152.29,27.86,1.0,15.21,No,Rainy,Moderate,Late Departure
2024-03-20,V044,D070,R018,Kolkata,Nagpur,357,380,51.67,9.02,0.32,12.62,Yes,Clear,Moderate,Weather Delay
2024-02-12,V005,D038,R018,Chennai,Pune,442,469,78.73,11.92,1.89,7.39,No,Stormy,Heavy,Traffic Jam
2024-04-23,V043,D057,R002,Chennai,Nagpur,459,447,82.12,11.11,1.35,8.45,No,Clear,Heavy,Weather Delay
2024-04-30,V048,D030,R004,Mumbai,Pune,1419,1352,255.54,34.77,1.62,3.77,No,Stormy,Moderate,Traffic Jam
2024-02-01,V013,D065,R007,Chennai,Jaipur,523,540,100.75,13.33,0.28,3.21,Yes,Stormy,Moderate,Traffic Jam
2024-04-01,V029,D019,R005,Bangalore,Jaipur,720,756,118.31,13.95,0.16,4.61,Yes,Foggy,Moderate,Weather Delay
2024-03-16,V040,D090,R004,Chennai,Nagpur,1117,1112,152.38,27.17,0.79,7.43,Yes,Foggy,Moderate,Weather Delay
2024-02-20,V020,D093,R006,Mumbai,Lucknow,1420,1366,174.72,30.89,2.33,13.85,No,Clear,Heavy,Vehicle Breakdown
2024-03-13,V039,D032,R018,Chennai,Ahmedabad,830,852,161.7,17.34,0.25,9.46,Yes,Rainy,Moderate,Late Departure
2024-01-19,V022,D053,R002,Bangalore,Ahmedabad,1082,1130,153.81,22.22,1.67,4.68,No,Stormy,Light,Weather Delay
2024-01-11,V014,D063,R001,Chennai,Jaipur,995,996,194.2,20.15,4.57,6.75,No,Foggy,Heavy,Late Departure
2024-04-01,V028,D031,R020,Delhi,Pune,399,384,59.75,7.65,1.2,2.84,No,Stormy,Light,Smooth Delivery
2024-02-24,V038,D046,R003,Delhi,Surat,783,858,114.61,20.81,3.82,10.11,No,Foggy,Heavy,Weather Delay
2024-02-21,V032,D068,R005,Kolkata,Nagpur,561,564,88.36,10.85,1.62,3.07,No,Foggy,Moderate,Late Departure
2024-04-20,V001,D008,R016,Delhi,Lucknow,1043,1140,209.43,20.9,1.52,5.38,No,Clear,Moderate,Late Departure
2024-02-14,V038,D094,R015,Kolkata,Ahmedabad,630,614,80.67,14.52,1.59,11.07,No,Clear,Moderate,Smooth Delivery
2024-01-01,V013,D061,R006,Bangalore,Indore,1314,1391,216.07,32.25,0.68,17.46,Yes,Foggy,Light,Traffic Jam
2024-03-24,V038,D054,R005,Kolkata,Jaipur,1307,1333,236.33,24.34,2.39,3.0,No,Rainy,Heavy,Late Departure
2024-02-11,V001,D010,R003,Hyderabad,Ahmedabad,1274,1401,197.75,33.35,0.41,14.46,Yes,Foggy,Heavy,Smooth Delivery
2024-04-12,V001,D095,R005,Kolkata,Jaipur,598,638,111.59,14.9,0.55,12.76,Yes,Rainy,Moderate,Late Departure
2024-02-04,V024,D080,R010,Hyderabad,Nagpur,661,644,121.22,13.61,2.27,11.02,No,Rainy,Light,Smooth Delivery
2024-03-16,V050,D031,R003,Delhi,Nagpur,619,621,98.63,14.47,4.83,15.83,No,Clear,Light,Weather Delay
2024-03-12,V034,D059,R020,Mumbai,Lucknow,972,953,154.89,21.19,1.42,10.43,No,Rainy,Moderate,Vehicle Breakdown
2024-01-04,V030,D051,R004,Kolkata,Surat,543,581,79.56,12.04,2.89,15.52,No,Foggy,Moderate,Traffic Jam
2024-02-28,V012,D048,R020,Delhi,Indore,1348,1438,182.74,33.42,0.47,18.0,Yes,Foggy,Heavy,Late Departure
2024-02-22,V033,D081,R006,Chennai,Lucknow,1224,1304,167.62,33.75,1.48,4.6,No,Stormy,Light,Weather Delay
2024-01-11,V014,D049,R008,Delhi,Indore,849,870,159.13,22.6,0.02,13.34,Yes,Foggy,Light,Weather Delay
2024-03-08,V019,D035,R014,Hyderabad,Surat,1375,1380,259.61,33.17,0.28,18.95,Yes,Clear,Moderate,Vehicle Breakdown
2024-03-20,V041,D034,R004,Bangalore,Lucknow,1265,1262,210.27,24.42,1.57,14.78,No,Stormy,Moderate,Vehicle Breakdown
2024-04-24,V031,D063,R008,Kolkata,Nagpur,1235,1291,164.7,31.55,6.77,16.96,No,Foggy,Light,Traffic Jam
2024-01-15,V003,D064,R003,Bangalore,Jaipur,1171,1215,173.89,24.41,0.09,5.92,Yes,Clear,Moderate,Vehicle Breakdown
2024-03-21,V010,D065,R010,Bangalore,Lucknow,1091,1193,180.67,25.63,2.15,11.44,No,Stormy,Moderate,Vehicle Breakdown
2024-02-09,V004,D065,R012,Bangalore,Pune,1004,955,132.48,20.22,0.27,19.22,Yes,Clear,Light,Smooth Delivery
2024-01-29,V031,D005,R002,Kolkata,Pune,1224,1203,188.76,32.82,1.39,8.76,No,Clear,Moderate,Smooth Delivery
2024-01-07,V025,D066,R017,Bangalore,Lucknow,1344,1347,180.06,38.19,2.4,12.29,No,Foggy,Heavy,Weather Delay
2024-03-05,V042,D006,R015,Hyderabad,Lucknow,1426,1565,231.22,39.49,0.08,17.9,Yes,Stormy,Moderate,Traffic Jam
2024-01-14,V001,D093,R005,Chennai,Ahmedabad,1332,1433,237.34,28.12,1.01,19.41,No,Stormy,Moderate,Vehicle Breakdown
2024-01-22,V027,D081,R011,Delhi,Jaipur,568,620,77.97,10.85,3.6,5.91,No,Clear,Moderate,Vehicle Breakdown
2024-04-09,V031,D097,R013,Bangalore,Pune,1443,1550,217.5,26.6,1.27,3.53,No,Rainy,Light,Late Departure
2024-04-17,V017,D030,R011,Bangalore,Indore,530,550,77.91,13.45,0.75,12.77,Yes,Stormy,Moderate,Traffic Jam
2024-01-17,V007,D015,R009,Chennai,Surat,357,359,58.61,9.48,4.24,15.51,No,Rainy,Heavy,Vehicle Breakdown
2024-01-07,V030,D073,R015,Hyderabad,Nagpur,855,812,111.28,17.17,0.01,8.65,Yes,Foggy,Heavy,Vehicle Breakdown
2024-02-08,V049,D091,R008,Delhi,Surat,586,610,95.94,11.59,0.83,4.77,Yes,Clear,Heavy,Smooth Delivery
2024-03-20,V035,D075,R009,Mumbai,Surat,975,1069,186.69,19.76,0.23,7.92,Yes,Stormy,Moderate,Weather Delay
2024-04-13,V034,D027,R010,Mumbai,Nagpur,327,332,59.53,7.43,0.26,12.06,Yes,Clear,Light,Late Departure
2024-03-28,V011,D044,R008,Delhi,Pune,584,612,117.98,11.14,0.31,6.06,Yes,Stormy,Light,Late Departure
2024-03-07,V014,D095,R001,Mumbai,Surat,590,619,96.62,13.11,0.21,16.5,Yes,Stormy,Heavy,Weather Delay
2024-03-04,V038,D091,R007,Hyderabad,Jaipur,849,885,163.7,19.99,2.49,12.23,No,Clear,Light,Weather Delay
2024-04-09,V008,D060,R016,Hyderabad,Surat,712,688,112.45,17.87,1.09,17.18,No,Clear,Moderate,Vehicle Breakdown
2024-04-03,V050,D086,R015,Hyderabad,Nagpur,707,717,113.81,13.31,1.29,12.19,No,Clear,Moderate,Traffic Jam
2024-01-30,V047,D035,R003,Mumbai,Nagpur,647,640,93.8,13.91,0.76,19.83,Yes,Stormy,Heavy,Late Departure
2024-03-13,V019,D044,R020,Kolkata,Pune,1172,1268,174.93,25.62,0.93,5.33,Yes,Foggy,Light,Vehicle Breakdown
2024-01-29,V016,D048,R005,Mumbai,Pune,608,605,82.63,13.79,3.21,4.66,No,Stormy,Moderate,Weather Delay
2024-01-16,V022,D047,R013,Delhi,Surat,762,782,112.67,16.81,3.3,19.81,No,Stormy,Heavy,Vehicle Breakdown
2024-04-30,V023,D007,R018,Delhi,Pune,1388,1342,248.99,36.91,1.71,8.71,No,Stormy,Heavy,Traffic Jam
2024-01-20,V048,D046,R020,Hyderabad,Pune,1292,1369,220.22,27.17,2.2,11.87,No,Stormy,Heavy,Traffic Jam
2024-02-14,V026,D074,R001,Kolkata,Jaipur,983,1013,192.41,22.75,1.18,10.32,No,Rainy,Heavy,Traffic Jam
2024-04-28,V018,D056,R017,Bangalore,Pune,1094,1187,153.76,21.27,0.71,14.91,Yes,Rainy,Moderate,Late Departure
2024-01-08,V009,D058,R020,Delhi,Pune,1277,1288,226.05,30.51,0.11,7.97,Yes,Clear,Heavy,Traffic Jam
2024-04-12,V028,D038,R013,Hyderabad,Surat,661,673,85.55,16.02,3.49,6.12,No,Stormy,Light,Smooth Delivery
2024-01-20,V014,D055,R015,Mumbai,Surat,307,300,45.75,6.34,0.07,5.98,Yes,Foggy,Heavy,Smooth Delivery
2024-04-28,V005,D022,R009,Hyderabad,Ahmedabad,1044,1063,177.37,21.2,1.07,4.89,No,Clear,Moderate,Vehicle Breakdown
2024-01-02,V043,D063,R001,Chennai,Lucknow,708,767,130.47,14.27,2.27,19.34,No,Stormy,Light,Traffic Jam
2024-03-27,V025,D076,R008,Mumbai,Jaipur,884,905,132.16,21.2,1.7,10.34,No,Clear,Light,Late Departure
2024-04-04,V006,D033,R020,Kolkata,Nagpur,751,762,100.71,20.86,3.21,17.34,No,Rainy,Heavy,Traffic Jam
2024-04-07,V048,D020,R019,Mumbai,Nagpur,519,532,82.22,12.29,7.72,4.0,No,Rainy,Moderate,Vehicle Breakdown
2024-04-17,V033,D010,R010,Delhi,Lucknow,579,601,85.31,10.78,2.27,13.59,No,Stormy,Heavy,Weather Delay
2024-01-27,V042,D014,R009,Mumbai,Pune,430,416,67.96,11.38,3.2,15.49,No,Clear,Moderate,Vehicle Breakdown
2024-02-13,V024,D028,R010,Mumbai,Lucknow,727,773,111.11,16.11,0.24,7.93,Yes,Clear,Moderate,Weather Delay
2024-03-24,V012,D046,R010,Mumbai,Ahmedabad,443,429,59.79,11.6,1.82,14.46,No,Foggy,Heavy,Traffic Jam
2024-01-27,V023,D074,R004,Hyderabad,Pune,1021,1040,192.39,24.72,0.58,14.61,Yes,Stormy,Moderate,Smooth Delivery
2024-03-22,V015,D065,R020,Bangalore,Pune,469,453,60.5,9.34,0.31,14.94,Yes,Rainy,Light,Vehicle Breakdown
2024-02-13,V010,D058,R017,Bangalore,Lucknow,891,935,129.07,22.98,0.26,6.26,Yes,Foggy,Moderate,Weather Delay
2024-02-28,V029,D079,R019,Chennai,Lucknow,801,804,108.93,16.1,3.89,3.06,No,Rainy,Moderate,Late Departure
2024-03-03,V042,D032,R012,Mumbai,Nagpur,913,868,122.3,22.5,0.61,11.84,Yes,Clear,Moderate,Weather Delay
2024-01-06,V006,D096,R007,Bangalore,Indore,434,418,60.33,10.46,1.5,17.01,No,Rainy,Heavy,Vehicle Breakdown
2024-03-26,V050,D098,R009,Kolkata,Indore,1296,1264,162.2,28.41,3.84,5.74,No,Rainy,Moderate,Smooth Delivery
2024-01-22,V040,D020,R017,Hyderabad,Nagpur,714,743,119.61,14.14,1.4,10.9,No,Clear,Light,Late Departure
2024-03-10,V045,D061,R014,Kolkata,Indore,1368,1486,242.36,34.72,1.41,13.23,No,Clear,Heavy,Weather Delay
2024-02-04,V048,D021,R006,Delhi,Ahmedabad,1367,1388,214.87,25.23,1.98,3.99,No,Stormy,Heavy,Vehicle Breakdown
2024-04-02,V043,D099,R009,Mumbai,Jaipur,1070,1050,132.46,21.6,3.7,7.47,No,Stormy,Light,Vehicle Breakdown
2024-01-07,V022,D022,R008,Kolkata,Nagpur,383,406,56.85,9.37,1.2,13.29,No,Clear,Light,Late Departure
2024-03-04,V014,D097,R007,Delhi,Lucknow,551,563,75.25,10.67,2.85,16.46,No,Stormy,Moderate,Late Departure
2024-02-27,V010,D044,R003,Mumbai,Nagpur,1054,1078,175.45,20.42,1.01,6.43,No,Foggy,Heavy,Vehicle Breakdown
2024-01-06,V026,D011,R008,Mumbai,Jaipur,442,453,83.49,9.05,0.61,6.69,Yes,Rainy,Light,Smooth Delivery
2024-04-06,V026,D076,R013,Hyderabad,Indore,1066,1165,158.92,21.01,1.47,17.11,No,Rainy,Heavy,Weather Delay
2024-02-26,V015,D045,R003,Bangalore,Jaipur,1020,1085,159.65,18.81,0.32,18.98,Yes,Stormy,Light,Weather Delay
2024-04-27,V036,D032,R020,Bangalore,Pune,1375,1389,210.93,36.71,1.17,13.0,No,Stormy,Heavy,Weather Delay
2024-02-19,V020,D038,R019,Chennai,Pune,541,594,74.95,9.96,0.64,19.84,Yes,Clear,Light,Smooth Delivery
2024-03-02,V027,D099,R009,Mumbai,Ahmedabad,632,643,85.1,16.07,1.06,19.39,No,Stormy,Heavy,Traffic Jam
2024-03-10,V030,D072,R010,Chennai,Nagpur,830,906,128.49,16.29,0.29,14.99,Yes,Stormy,Heavy,Late Departure
2024-01-07,V020,D093,R004,Chennai,Lucknow,656,684,129.68,17.6,0.17,15.04,Yes,Clear,Heavy,Weather Delay
2024-03-15,V034,D028,R012,Mumbai,Ahmedabad,792,769,120.1,18.79,1.2,14.72,No,Stormy,Moderate,Smooth Delivery
2024-01-24,V038,D042,R003,Chennai,Ahmedabad,685,721,110.13,15.47,0.76,17.51,Yes,Foggy,Heavy,Weather Delay
2024-01-02,V037,D016,R017,Hyderabad,Lucknow,626,625,108.17,12.55,0.67,17.25,Yes,Stormy,Light,Weather Delay
2024-01-20,V030,D028,R013,Kolkata,Ahmedabad,1490,1488,209.41,41.5,0.73,8.18,Yes,Foggy,Heavy,Late Departure
2024-01-08,V036,D041,R013,Kolkata,Surat,762,817,103.4,17.23,2.61,14.59,No,Foggy,Light,Vehicle Breakdown
2024-01-18,V031,D014,R007,Kolkata,Nagpur,1028,1125,151.35,28.13,1.87,11.64,No,Rainy,Light,Weather Delay
2024-04-19,V021,D066,R002,Delhi,Jaipur,1033,983,170.84,19.33,3.91,16.38,No,Rainy,Heavy,Smooth Delivery
2024-03-23,V048,D023,R007,Hyderabad,Pune,682,748,100.81,19.37,0.51,2.55,Yes,Foggy,Heavy,Weather Delay
2024-01-25,V036,D072,R017,Bangalore,Ahmedabad,446,429,75.84,9.9,2.82,17.52,No,Foggy,Light,Weather Delay
2024-04-02,V014,D053,R008,Mumbai,Indore,477,497,63.84,10.6,3.3,10.17,No,Clear,Light,Smooth Delivery
2024-01-05,V031,D027,R006,Mumbai,Lucknow,580,575,74.2,13.56,1.05,7.92,No,Foggy,Heavy,Late Departure
2024-01-18,V036,D040,R008,Hyderabad,Pune,865,907,113.59,24.36,3.45,2.07,No,Rainy,Light,Smooth Delivery
2024-02-15,V035,D066,R001,Delhi,Indore,818,821,149.11,16.31,0.08,11.96,Yes,Stormy,Moderate,Smooth Delivery
2024-01-17,V040,D036,R008,Chennai,Pune,307,305,56.47,6.09,0.37,6.03,Yes,Stormy,Heavy,Vehicle Breakdown
2024-01-23,V024,D069,R003,Hyderabad,Ahmedabad,1104,1094,161.83,22.91,0.03,6.35,Yes,Clear,Heavy,Smooth Delivery
2024-04-20,V002,D033,R018,Hyderabad,Ahmedabad,1384,1404,234.16,26.27,2.32,13.27,No,Clear,Heavy,Traffic Jam
2024-02-09,V002,D076,R019,Hyderabad,Pune,632,632,88.99,12.18,1.36,16.12,No,Rainy,Moderate,Late Departure
2024-02-09,V031,D054,R013,Chennai,Nagpur,1244,1321,196.72,30.16,2.05,5.72,No,Stormy,Light,Vehicle Breakdown
2024-01-06,V008,D077,R002,Chennai,Jaipur,345,368,49.64,6.71,0.96,5.46,Yes,Clear,Light,Late Departure
2024-02-06,V030,D023,R003,Kolkata,Pune,471,454,62.79,8.93,1.58,4.59,No,Rainy,Light,Smooth Delivery
2024-03-30,V026,D040,R003,Mumbai,Indore,663,722,90.62,15.18,1.36,15.99,No,Stormy,Moderate,Vehicle Breakdown
2024-04-24,V019,D077,R009,Bangalore,Pune,383,406,51.37,10.27,1.3,14.45,No,Clear,Heavy,Vehicle Breakdown
2024-03-19,V033,D032,R012,Mumbai,Ahmedabad,594,643,84.36,10.89,1.08,16.95,No,Clear,Light,Vehicle Breakdown
2024-02-04,V027,D072,R020,Chennai,Ahmedabad,1037,1051,167.71,25.88,2.56,19.74,No,Rainy,Heavy,Smooth Delivery
2024-01-29,V026,D030,R005,Bangalore,Ahmedabad,887,876,169.49,17.29,1.45,19.27,No,Rainy,Heavy,Late Departure
2024-02-10,V049,D019,R012,Bangalore,Jaipur,1197,1182,226.74,26.69,0.13,6.71,Yes,Rainy,Light,Vehicle Breakdown
2024-04-15,V048,D046,R003,Delhi,Lucknow,653,632,111.42,17.59,4.62,7.01,No,Foggy,Light,Smooth Delivery
2024-02-25,V017,D013,R013,Kolkata,Ahmedabad,447,454,58.99,9.21,1.44,14.7,No,Clear,Heavy,Vehicle Breakdown
2024-01-11,V005,D094,R018,Mumbai,Ahmedabad,510,547,71.66,10.66,3.31,11.64,No,Foggy,Heavy,Late Departure
2024-03-18,V017,D004,R014,Kolkata,Jaipur,664,658,86.12,14.49,3.55,2.72,No,Rainy,Moderate,Traffic Jam
2024-02-14,V020,D017,R001,Bangalore,Nagpur,485,489,62.35,12.13,4.26,19.17,No,Clear,Moderate,Weather Delay
2024-04-27,V029,D072,R008,Delhi,Ahmedabad,997,1079,161.26,20.8,3.06,15.97,No,Clear,Light,Late Departure
2024-03-01,V044,D058,R014,Bangalore,Indore,920,960,120.8,18.89,5.56,3.03,No,Stormy,Heavy,Traffic Jam
2024-03-16,V022,D016,R004,Chennai,Nagpur,312,302,47.53,7.31,2.29,4.89,No,Foggy,Heavy,Vehicle Breakdown
2024-02-06,V043,D068,R012,Bangalore,Indore,911,998,167.87,20.9,0.48,12.43,Yes,Foggy,Heavy,Vehicle Breakdown
2024-04-25,V007,D008,R009,Hyderabad,Lucknow,1008,966,177.28,20.19,0.31,6.24,Yes,Rainy,Moderate,Smooth Delivery
2024-04-16,V009,D088,R020,Chennai,Jaipur,565,603,114.21,12.91,0.04,8.24,Yes,Stormy,Moderate,Vehicle Breakdown
2024-04-17,V047,D072,R015,Bangalore,Surat,1268,1337,253.69,24.03,3.6,3.89,No,Foggy,Heavy,Late Departure
2024-01-04,V041,D098,R003,Chennai,Nagpur,1356,1489,252.69,36.97,0.01,9.35,Yes,Clear,Heavy,Traffic Jam
2024-01-01,V031,D068,R012,Hyderabad,Jaipur,877,916,152.75,16.95,1.89,8.3,No,Clear,Heavy,Vehicle Breakdown
2024-01-31,V024,D056,R004,Mumbai,Surat,1327,1406,179.76,36.0,0.55,10.34,Yes,Clear,Moderate,Late Departure
2024-01-17,V006,D025,R019,Delhi,Surat,1303,1335,201.46,31.77,1.65,13.61,No,Stormy,Light,Vehicle Breakdown
2024-03-04,V024,D052,R020,Delhi,Lucknow,872,903,169.06,19.58,0.66,10.84,Yes,Rainy,Heavy,Vehicle Breakdown
2024-02-04,V036,D097,R016,Kolkata,Jaipur,554,602,93.46,15.7,0.87,16.77,Yes,Stormy,Light,Traffic Jam
2024-02-26,V020,D092,R001,Hyderabad,Indore,1029,1097,167.73,25.73,0.94,12.15,Yes,Rainy,Light,Smooth Delivery
2024-03-22,V046,D100,R003,Mumbai,Surat,558,613,88.42,11.41,1.01,8.38,No,Rainy,Moderate,Smooth Delivery
2024-03-24,V035,D037,R003,Delhi,Indore,1047,1122,173.02,19.07,0.92,3.22,Yes,Stormy,Light,Vehicle Breakdown
2024-02-28,V029,D025,R012,Hyderabad,Jaipur,975,1026,199.61,24.37,0.65,15.31,Yes,Foggy,Moderate,Smooth Delivery
2024-04-30,V039,D010,R010,Mumbai,Lucknow,693,709,139.4,14.64,0.8,18.59,Yes,Foggy,Moderate,Late Departure
2024-03-26,V033,D032,R011,Mumbai,Lucknow,940,963,135.12,23.87,2.15,14.98,No,Rainy,Moderate,Traffic Jam
2024-02-27,V015,D036,R001,Mumbai,Nagpur,439,476,93.31,9.99,1.71,3.71,No,Rainy,Light,Late Departure
2024-03-14,V014,D034,R017,Kolkata,Surat,1087,1099,140.42,24.86,6.34,3.02,No,Foggy,Moderate,Traffic Jam
2024-02-19,V041,D029,R013,Mumbai,Nagpur,632,668,99.06,14.04,5.3,4.33,No,Clear,Light,Vehicle Breakdown
2024-04-06,V010,D091,R009,Bangalore,Jaipur,1312,1422,201.03,32.65,3.48,9.73,No,Foggy,Moderate,Smooth Delivery
2024-02-10,V016,D098,R008,Kolkata,Surat,936,1003,162.65,17.99,1.52,4.54,No,Clear,Light,Vehicle Breakdown
2024-01-14,V042,D080,R007,Kolkata,Indore,879,920,165.05,20.33,0.28,2.4,Yes,Rainy,Moderate,Weather Delay
2024-04-01,V038,D054,R011,Delhi,Nagpur,714,700,105.91,16.0,1.04,6.46,No,Stormy,Light,Smooth Delivery
2024-03-29,V039,D010,R009,Bangalore,Ahmedabad,923,971,136.51,21.89,3.2,13.59,No,Foggy,Light,Traffic Jam
2024-03-25,V011,D068,R017,Mumbai,Surat,386,407,69.79,11.02,3.01,16.8,No,Stormy,Heavy,Traffic Jam
2024-01-06,V002,D098,R015,Bangalore,Nagpur,583,564,92.12,12.09,1.58,17.49,No,Foggy,Light,Smooth Delivery
2024-03-07,V022,D042,R016,Kolkata,Indore,400,388,61.69,10.83,0.74,2.27,Yes,Clear,Heavy,Late Departure
2024-02-24,V016,D054,R002,Bangalore,Pune,519,562,85.4,9.98,0.09,6.09,Yes,Rainy,Heavy,Weather Delay
2024-02-18,V043,D079,R019,Chennai,Ahmedabad,1256,1242,201.62,24.6,0.73,5.68,Yes,Stormy,Light,Weather Delay
2024-02-07,V029,D096,R001,Hyderabad,Pune,1002,961,183.45,19.96,0.88,15.07,Yes,Rainy,Moderate,Weather Delay
2024-02-15,V016,D028,R012,Bangalore,Jaipur,1118,1176,217.53,29.53,2.11,14.98,No,Rainy,Heavy,Late Departure
2024-04-02,V045,D079,R009,Delhi,Indore,1480,1489,284.58,42.0,0.51,2.17,Yes,Stormy,Moderate,Smooth Delivery
2024-03-07,V038,D061,R002,Chennai,Ahmedabad,1495,1471,235.04,39.94,0.17,18.14,Yes,Clear,Light,Vehicle Breakdown
2024-02-09,V034,D008,R019,Delhi,Surat,821,852,109.18,19.59,1.7,5.68,No,Rainy,Moderate,Vehicle Breakdown
2024-03-01,V015,D041,R003,Bangalore,Surat,1404,1464,271.68,40.07,4.02,11.99,No,Clear,Light,Weather Delay
2024-02-05,V037,D025,R007,Hyderabad,Indore,1212,1319,219.78,29.17,0.77,14.71,Yes,Rainy,Heavy,Smooth Delivery
2024-01-18,V037,D030,R002,Delhi,Surat,946,978,125.77,26.64,1.85,7.95,No,Stormy,Moderate,Traffic Jam
2024-02-23,V013,D043,R008,Chennai,Surat,511,499,76.4,11.33,0.22,5.63,Yes,Clear,Heavy,Vehicle Breakdown
2024-02-20,V031,D100,R001,Delhi,Jaipur,905,915,146.95,21.89,0.24,2.08,Yes,Clear,Heavy,Traffic Jam
2024-02-24,V032,D072,R001,Mumbai,Indore,1032,1130,144.31,23.1,7.96,14.13,No,Foggy,Light,Smooth Delivery
2024-02-05,V050,D027,R018,Bangalore,Pune,453,435,81.26,8.5,1.49,17.18,No,Foggy,Light,Vehicle Breakdown
2024-04-06,V015,D037,R009,Kolkata,Pune,947,1027,161.89,26.33,0.31,3.2,Yes,Stormy,Heavy,Late Departure
2024-01-01,V030,D067,R011,Delhi,Indore,360,352,56.49,9.63,0.27,10.02,Yes,Clear,Light,Vehicle Breakdown
2024-03-06,V023,D048,R006,Chennai,Surat,1046,1047,163.52,24.0,1.55,18.87,No,Foggy,Moderate,Smooth Delivery
2024-01-16,V033,D042,R012,Chennai,Lucknow,1095,1057,199.52,21.03,1.06,15.8,No,Foggy,Light,Traffic Jam
2024-01-07,V010,D048,R001,Mumbai,Pune,439,431,57.57,8.21,1.51,3.91,No,Stormy,Moderate,Late Departure
2024-01-08,V041,D047,R003,Bangalore,Ahmedabad,1251,1356,183.8,25.01,0.06,16.38,Yes,Rainy,Moderate,Smooth Delivery
2024-02-07,V012,D029,R017,Bangalore,Surat,839,814,143.63,18.03,0.46,13.9,Yes,Foggy,Moderate,Late Departure
2024-04-29,V034,D017,R016,Hyderabad,Nagpur,330,343,64.42,6.86,3.86,4.9,No,Stormy,Light,Smooth Delivery
2024-04-04,V014,D007,R008,Hyderabad,Ahmedabad,462,480,79.66,10.45,0.51,8.37,Yes,Clear,Heavy,Vehicle Breakdown
2024-03-19,V030,D051,R017,Chennai,Jaipur,1186,1131,142.36,24.97,1.04,8.91,No,Rainy,Light,Traffic Jam
2024-02-02,V006,D060,R001,Hyderabad,Nagpur,520,536,87.29,12.32,0.94,6.97,Yes,Stormy,Moderate,Late Departure
2024-03-05,V001,D010,R012,Kolkata,Lucknow,1439,1405,210.65,27.75,0.25,2.59,Yes,Clear,Moderate,Weather Delay
2024-02-20,V005,D033,R020,Mumbai,Ahmedabad,552,544,68.52,10.7,1.36,18.73,No,Stormy,Moderate,Traffic Jam
2024-03-03,V022,D100,R003,Hyderabad,Lucknow,947,962,121.01,23.14,0.41,13.48,Yes,Rainy,Heavy,Weather Delay
2024-02-19,V015,D061,R012,Mumbai,Jaipur,817,822,119.49,19.88,1.44,6.96,No,Foggy,Light,Late Departure
2024-01-13,V015,D046,R001,Bangalore,Surat,621,594,76.78,11.79,5.3,14.9,No,Stormy,Moderate,Late Departure
2024-02-12,V033,D079,R010,Hyderabad,Indore,316,332,49.72,8.42,0.31,7.21,Yes,Foggy,Heavy,Weather Delay
2024-04-03,V025,D075,R011,Hyderabad,Jaipur,504,546,98.93,9.43,1.11,14.88,No,Foggy,Moderate,Vehicle Breakdown
2024-01-05,V034,D095,R012,Kolkata,Ahmedabad,868,838,144.31,16.02,0.46,7.34,Yes,Stormy,Light,Vehicle Breakdown
2024-02-17,V036,D027,R008,Mumbai,Ahmedabad,534,523,97.08,13.46,1.54,10.2,No,Rainy,Light,Traffic Jam
2024-03-16,V016,D046,R006,Delhi,Indore,874,902,168.06,17.12,2.3,2.39,No,Rainy,Light,Traffic Jam
2024-03-12,V042,D036,R004,Kolkata,Surat,1172,1180,226.65,23.05,2.0,18.24,No,Stormy,Light,Traffic Jam
2024-02-16,V014,D100,R003,Bangalore,Ahmedabad,1295,1276,200.35,33.47,0.7,11.4,Yes,Stormy,Moderate,Vehicle Breakdown
2024-02-01,V022,D035,R001,Hyderabad,Pune,589,564,78.94,12.84,2.65,6.89,No,Foggy,Heavy,Late Departure
2024-02-06,V008,D038,R016,Mumbai,Lucknow,762,827,103.43,14.27,2.26,16.62,No,Clear,Heavy,Traffic Jam
2024-03-13,V030,D031,R004,Bangalore,Pune,1280,1326,238.04,26.37,1.87,19.74,No,Stormy,Moderate,Smooth Delivery
2024-02-15,V004,D081,R008,Hyderabad,Ahmedabad,1437,1481,254.73,29.52,5.82,5.19,No,Foggy,Light,Late Departure
2024-03-06,V017,D006,R012,Hyderabad,Ahmedabad,613,612,92.37,15.96,0.03,8.07,Yes,Rainy,Light,Smooth Delivery
2024-01-29,V016,D043,R002,Delhi,Surat,642,693,135.08,14.73,2.15,19.16,No,Foggy,Heavy,Weather Delay
2024-02-26,V020,D054,R012,Hyderabad,Ahmedabad,655,719,114.75,12.13,0.05,15.43,Yes,Foggy,Heavy,Weather Delay
2024-04-28,V011,D033,R008,Chennai,Pune,1178,1232,214.31,26.09,0.21,17.69,Yes,Foggy,Light,Late Departure
2024-01-07,V002,D032,R004,Chennai,Jaipur,696,698,101.48,18.23,0.35,19.86,Yes,Clear,Light,Late Departure
2024-03-16,V022,D045,R016,Hyderabad,Pune,1192,1267,160.67,29.13,0.27,11.06,Yes,Rainy,Light,Late Departure
2024-03-02,V016,D080,R006,Bangalore,Lucknow,851,871,157.65,17.14,0.67,5.35,Yes,Stormy,Moderate,Late Departure
2024-01-04,V030,D045,R003,Mumbai,Pune,709,708,105.81,14.31,0.99,11.46,Yes,Stormy,Moderate,Late Departure
2024-04-15,V046,D029,R015,Mumbai,Ahmedabad,998,968,125.0,18.63,1.73,2.32,No,Rainy,Light,Smooth Delivery
2024-01-21,V012,D050,R013,Chennai,Ahmedabad,625,644,93.5,11.39,8.31,17.44,No,Rainy,Moderate,Weather Delay
2024-04-14,V019,D078,R003,Bangalore,Surat,818,784,99.75,17.31,2.42,9.33,No,Foggy,Heavy,Vehicle Breakdown
2024-04-09,V048,D037,R013,Delhi,Ahmedabad,625,623,97.5,16.47,0.66,17.44,Yes,Rainy,Light,Traffic Jam
2024-03-18,V026,D100,R010,Chennai,Pune,1186,1133,207.79,31.62,0.77,19.95,Yes,Rainy,Moderate,Late Departure
2024-03-02,V023,D011,R016,Chennai,Ahmedabad,1183,1154,212.27,22.19,3.21,2.58,No,Foggy,Light,Weather Delay
2024-04-14,V040,D022,R012,Delhi,Pune,888,943,135.36,17.63,1.02,19.84,No,Stormy,Heavy,Vehicle Breakdown
2024-02-17,V032,D074,R019,Chennai,Jaipur,1021,976,171.13,23.78,0.9,18.58,Yes,Foggy,Moderate,Late Departure
2024-03-30,V033,D037,R008,Chennai,Nagpur,890,920,179.15,20.62,0.81,19.38,Yes,Foggy,Heavy,Late Departure
2024-03-05,V020,D005,R008,Hyderabad,Pune,893,928,134.36,18.13,2.2,13.43,No,Clear,Heavy,Vehicle Breakdown
2024-03-18,V011,D086,R004,Bangalore,Nagpur,1098,1082,141.95,22.12,2.03,19.94,No,Clear,Heavy,Weather Delay
2024-01-10,V011,D014,R009,Delhi,Nagpur,1294,1385,184.98,23.95,0.25,10.96,Yes,Rainy,Heavy,Weather Delay
2024-02-18,V028,D045,R014,Bangalore,Pune,320,331,55.28,6.18,2.16,14.98,No,Rainy,Heavy,Late Departure
2024-04-17,V035,D012,R008,Kolkata,Lucknow,562,617,106.78,11.31,1.2,7.63,No,Clear,Heavy,Vehicle Breakdown
2024-01-25,V033,D087,R011,Kolkata,Indore,1240,1207,157.01,26.43,2.61,11.82,No,Clear,Heavy,Smooth Delivery
2024-04-18,V011,D018,R004,Delhi,Lucknow,1224,1203,200.08,28.71,5.41,2.1,No,Clear,Heavy,Late Departure
2024-04-27,V042,D020,R014,Mumbai,Surat,528,579,72.91,9.61,0.97,19.35,Yes,Clear,Moderate,Smooth Delivery
2024-02-02,V049,D095,R013,Mumbai,Ahmedabad,816,823,162.04,20.67,4.36,2.25,No,Foggy,Heavy,Late Departure
2024-04-02,V029,D095,R006,Chennai,Surat,1397,1441,275.69,34.3,0.14,17.47,Yes,Rainy,Moderate,Traffic Jam
2024-04-16,V046,D025,R005,Kolkata,Ahmedabad,799,829,107.57,16.38,5.31,11.18,No,Clear,Moderate,Smooth Delivery
2024-02-25,V011,D057,R009,Mumbai,Jaipur,1046,1093,162.43,23.41,2.81,13.6,No,Clear,Light,Traffic Jam
2024-02-28,V006,D092,R003,Hyderabad,Jaipur,530,567,77.05,13.65,1.58,5.59,No,Rainy,Moderate,Late Departure
2024-03-16,V020,D029,R004,Bangalore,Jaipur,912,946,134.52,16.6,0.05,3.64,Yes,Stormy,Light,Weather Delay
2024-03-24,V012,D096,R010,Chennai,Lucknow,1010,971,156.74,19.64,2.79,15.27,No,Rainy,Heavy,Traffic Jam
2024-04-01,V050,D085,R014,Hyderabad,Indore,908,984,164.86,24.7,0.09,17.34,Yes,Rainy,Heavy,Vehicle Breakdown
2024-04-28,V045,D011,R016,Hyderabad,Lucknow,1011,1071,150.93,24.19,0.72,19.25,Yes,Rainy,Heavy,Vehicle Breakdown
2024-02-22,V027,D004,R009,Hyderabad,Jaipur,662,635,86.73,16.07,0.06,15.37,Yes,Foggy,Moderate,Late Departure
2024-04-04,V009,D031,R014,Delhi,Nagpur,401,400,55.82,8.16,1.15,15.99,No,Stormy,Heavy,Smooth Delivery
2024-03-23,V002,D043,R013,Mumbai,Surat,1026,1064,181.57,20.65,1.33,2.23,No,Stormy,Light,Vehicle Breakdown
2024-03-21,V040,D082,R005,Bangalore,Jaipur,793,860,129.58,15.14,3.22,10.01,No,Foggy,Light,Traffic Jam
2024-02-16,V004,D067,R020,Hyderabad,Pune,717,735,117.65,16.3,3.38,16.19,No,Rainy,Heavy,Vehicle Breakdown
2024-03-06,V026,D002,R012,Hyderabad,Indore,1347,1305,191.04,24.53,1.36,16.15,No,Rainy,Moderate,Vehicle Breakdown
2024-04-07,V020,D078,R016,Kolkata,Surat,1280,1363,225.25,30.16,1.93,11.0,No,Rainy,Light,Vehicle Breakdown
2024-03-12,V048,D051,R020,Mumbai,Surat,493,510,71.44,9.75,0.48,4.64,Yes,Stormy,Moderate,Smooth Delivery
2024-02-11,V018,D060,R009,Bangalore,Pune,1493,1483,227.36,35.68,1.26,2.96,No,Foggy,Moderate,Smooth Delivery
2024-01-11,V041,D026,R018,Hyderabad,Nagpur,1483,1522,249.35,32.46,0.82,7.12,Yes,Clear,Light,Vehicle Breakdown
2024-01-10,V038,D096,R001,Hyderabad,Nagpur,1196,1298,233.69,24.6,3.88,11.7,No,Clear,Light,Vehicle Breakdown
2024-03-14,V021,D054,R006,Hyderabad,Nagpur,1485,1605,298.63,33.09,0.92,2.15,Yes,Stormy,Light,Vehicle Breakdown
2024-01-26,V008,D096,R015,Hyderabad,Surat,569,578,94.64,11.76,4.18,3.54,No,Rainy,Moderate,Weather Delay
2024-04-28,V013,D057,R019,Chennai,Ahmedabad,710,709,111.97,16.1,2.24,9.98,No,Rainy,Heavy,Smooth Delivery
2024-02-16,V037,D020,R020,Chennai,Pune,410,391,54.84,7.78,1.08,12.46,No,Stormy,Moderate,Weather Delay
2024-02-22,V038,D072,R015,Kolkata,Lucknow,540,526,92.9,13.6,0.85,18.71,Yes,Rainy,Heavy,Weather Delay
2024-01-10,V012,D013,R007,Chennai,Lucknow,1386,1425,255.55,34.37,0.73,13.22,Yes,Foggy,Heavy,Vehicle Breakdown
2024-01-10,V035,D008,R007,Kolkata,Lucknow,456,463,74.95,9.85,0.42,3.42,Yes,Rainy,Heavy,Late Departure
2024-04-10,V043,D022,R007,Chennai,Indore,321,306,53.18,8.72,0.61,15.91,Yes,Rainy,Light,Smooth Delivery
2024-02-22,V043,D070,R011,Mumbai,Nagpur,1084,1146,167.72,20.83,0.5,17.93,Yes,Foggy,Light,Smooth Delivery
2024-01-16,V050,D087,R019,Kolkata,Ahmedabad,1248,1260,203.14,28.95,0.15,19.56,Yes,Foggy,Moderate,Vehicle Breakdown
2024-04-07,V035,D029,R015,Bangalore,Pune,508,493,81.86,12.27,0.12,4.74,Yes,Clear,Heavy,Late Departure
2024-03-24,V039,D060,R013,Mumbai,Indore,544,520,88.48,10.39,0.62,4.23,Yes,Clear,Moderate,Weather Delay
2024-01-11,V046,D007,R011,Hyderabad,Nagpur,1256,1314,164.46,31.68,0.49,19.49,Yes,Rainy,Heavy,Traffic Jam
2024-03-05,V009,D042,R011,Hyderabad,Surat,1405,1372,209.99,35.31,4.04,19.67,No,Clear,Heavy,Smooth Delivery
2024-03-17,V015,D039,R006,Chennai,Jaipur,545,584,98.24,12.65,0.42,18.03,Yes,Clear,Light,Vehicle Breakdown
2024-01-06,V013,D088,R013,Kolkata,Indore,442,480,76.72,9.18,0.27,9.83,Yes,Rainy,Light,Vehicle Breakdown
2024-01-31,V010,D024,R020,Mumbai,Surat,1469,1534,249.18,34.85,0.0,16.48,Yes,Stormy,Moderate,Traffic Jam
2024-03-25,V018,D011,R016,Mumbai,Lucknow,522,565,71.44,10.57,1.19,6.85,No,Clear,Light,Late Departure
2024-02-08,V031,D097,R002,Kolkata,Ahmedabad,1480,1627,240.35,30.44,1.72,17.21,No,Foggy,Moderate,Weather Delay
2024-04-21,V026,D050,R002,Mumbai,Ahmedabad,1022,972,171.71,21.15,3.38,14.34,No,Foggy,Heavy,Vehicle Breakdown
2024-04-03,V023,D095,R009,Kolkata,Surat,660,667,109.62,13.26,2.03,12.93,No,Foggy,Moderate,Traffic Jam
2024-04-21,V002,D001,R019,Hyderabad,Nagpur,455,452,58.13,9.88,2.34,5.86,No,Rainy,Heavy,Traffic Jam
2024-01-11,V030,D020,R013,Chennai,Lucknow,1250,1252,164.22,34.72,1.08,10.67,No,Stormy,Heavy,Traffic Jam
2024-03-10,V036,D003,R018,Kolkata,Lucknow,1224,1300,222.39,31.08,3.91,12.29,No,Clear,Heavy,Traffic Jam
2024-04-30,V022,D028,R010,Chennai,Indore,413,398,71.34,7.51,0.33,12.99,Yes,Clear,Moderate,Smooth Delivery
2024-03-20,V044,D074,R020,Mumbai,Surat,1300,1316,171.87,25.95,1.36,2.19,No,Rainy,Light,Late Departure
2024-01-16,V019,D057,R003,Hyderabad,Lucknow,604,653,103.09,11.26,1.03,14.5,No,Clear,Light,Traffic Jam
2024-01-22,V012,D061,R012,Mumbai,Jaipur,382,366,50.58,9.15,0.65,4.14,Yes,Clear,Heavy,Smooth Delivery
2024-04-13,V033,D053,R015,Chennai,Jaipur,1429,1389,249.94,34.38,3.34,8.63,No,Rainy,Heavy,Smooth Delivery
2024-01-16,V007,D073,R009,Mumbai,Surat,1064,1126,214.55,22.72,0.99,19.6,Yes,Foggy,Light,Traffic Jam
2024-04-13,V010,D009,R018,Hyderabad,Ahmedabad,1483,1597,250.92,29.36,0.32,12.12,Yes,Rainy,Light,Smooth Delivery
2024-04-04,V011,D022,R011,Delhi,Surat,663,637,105.39,16.78,1.9,10.82,No,Stormy,Heavy,Late Departure
2024-01-28,V020,D064,R006,Kolkata,Indore,332,352,53.77,9.04,1.99,17.0,No,Clear,Heavy,Vehicle Breakdown
2024-02-08,V019,D048,R016,Kolkata,Indore,1462,1587,236.3,29.2,2.09,4.8,No,Foggy,Heavy,Weather Delay
2024-01-21,V027,D099,R012,Mumbai,Surat,579,564,108.2,13.99,0.96,19.96,Yes,Rainy,Light,Smooth Delivery
2024-04-14,V007,D008,R016,Hyderabad,Ahmedabad,680,689,95.98,13.92,0.34,3.05,Yes,Stormy,Light,Weather Delay
2024-04-02,V017,D083,R003,Hyderabad,Indore,961,991,139.56,17.48,0.67,18.13,Yes,Stormy,Light,Weather Delay
2024-03-20,V039,D073,R017,Chennai,Ahmedabad,1347,1356,191.84,28.68,0.08,3.41,Yes,Rainy,Light,Vehicle Breakdown
2024-01-21,V035,D090,R015,Kolkata,Lucknow,1298,1237,202.37,26.0,0.28,12.91,Yes,Clear,Light,Vehicle Breakdown
2024-02-05,V048,D077,R012,Bangalore,Surat,383,380,51.41,7.51,2.24,11.45,No,Clear,Moderate,Vehicle Breakdown
2024-02-10,V049,D100,R016,Bangalore,Jaipur,1462,1451,195.33,37.76,0.51,5.31,Yes,Rainy,Moderate,Smooth Delivery
2024-02-22,V043,D093,R001,Delhi,Indore,1343,1411,199.89,27.95,0.81,3.8,Yes,Clear,Heavy,Late Departure
2024-03-20,V014,D017,R002,Mumbai,Indore,1138,1236,189.48,26.38,1.33,5.47,No,Rainy,Moderate,Weather Delay
2024-02-02,V017,D098,R001,Mumbai,Surat,362,351,56.46,9.15,0.42,18.07,Yes,Stormy,Light,Weather Delay
2024-01-15,V016,D016,R002,Chennai,Indore,687,707,109.61,14.08,4.54,4.02,No,Clear,Light,Smooth Delivery
2024-02-29,V047,D039,R007,Delhi,Jaipur,1206,1296,191.94,31.8,0.53,10.68,Yes,Clear,Heavy,Late Departure
2024-03-29,V009,D030,R008,Kolkata,Surat,305,321,56.04,6.67,1.73,10.08,No,Clear,Light,Late Departure
2024-02-27,V031,D070,R010,Bangalore,Lucknow,1137,1227,161.27,25.6,5.41,3.36,No,Rainy,Moderate,Late Departure
2024-02-20,V003,D078,R009,Hyderabad,Surat,1297,1232,200.59,27.58,1.49,10.58,No,Stormy,Light,Late Departure
2024-03-16,V024,D026,R002,Delhi,Lucknow,737,713,129.37,14.16,3.04,14.13,No,Rainy,Heavy,Smooth Delivery
2024-02-29,V030,D030,R003,Mumbai,Surat,840,881,129.69,21.51,0.84,14.53,Yes,Stormy,Moderate,Traffic Jam
2024-03-13,V037,D065,R003,Kolkata,Pune,741,763,150.92,13.7,2.79,6.69,No,Stormy,Moderate,Vehicle Breakdown
2024-03-06,V024,D001,R004,Kolkata,Jaipur,640,667,85.85,17.33,1.05,10.21,No,Foggy,Heavy,Vehicle Breakdown
2024-02-24,V047,D005,R006,Delhi,Indore,561,567,75.53,13.17,0.1,3.19,Yes,Stormy,Light,Traffic Jam
2024-02-07,V044,D061,R010,Hyderabad,Pune,573,548,88.0,11.61,0.34,13.64,Yes,Clear,Light,Smooth Delivery
2024-04-27,V038,D088,R006,Kolkata,Pune,731,769,133.38,15.55,1.73,10.4,No,Clear,Light,Late Departure
2024-04-12,V037,D035,R004,Bangalore,Lucknow,1179,1179,171.93,21.61,0.83,9.05,Yes,Clear,Heavy,Weather Delay
2024-01-08,V017,D069,R018,Bangalore,Lucknow,452,460,87.98,9.81,0.6,4.19,Yes,Stormy,Light,Smooth Delivery
2024-04-25,V032,D048,R009,Kolkata,Pune,833,849,169.46,19.36,0.17,2.44,Yes,Rainy,Heavy,Late Departure
2024-02-02,V014,D035,R020,Delhi,Indore,522,560,72.27,13.33,1.16,7.0,No,Clear,Light,Weather Delay
2024-04-10,V030,D029,R008,Mumbai,Nagpur,926,948,150.24,22.93,1.81,4.28,No,Foggy,Light,Weather Delay
2024-03-13,V001,D091,R008,Hyderabad,Surat,1489,1426,195.26,30.82,1.04,10.42,No,Stormy,Heavy,Weather Delay
2024-01-09,V044,D075,R017,Delhi,Ahmedabad,1147,1175,186.18,26.76,1.04,11.51,No,Rainy,Moderate,Weather Delay
2024-04-10,V035,D043,R008,Mumbai,Pune,994,1047,146.77,23.36,0.8,8.73,Yes,Clear,Moderate,Traffic Jam
2024-04-25,V021,D088,R019,Bangalore,Pune,888,915,143.87,16.82,1.79,18.18,No,Foggy,Heavy,Smooth Delivery
2024-04-02,V021,D029,R020,Delhi,Nagpur,455,480,60.66,9.54,4.97,4.85,No,Clear,Light,Smooth Delivery
2024-03-07,V031,D092,R015,Hyderabad,Jaipur,1166,1116,165.64,21.33,0.81,5.82,Yes,Foggy,Moderate,Weather Delay
2024-01-16,V027,D093,R018,Mumbai,Nagpur,362,372,53.55,8.76,1.88,19.55,No,Foggy,Heavy,Vehicle Breakdown
2024-03-21,V039,D055,R013,Chennai,Surat,863,935,159.16,20.78,0.7,9.1,Yes,Foggy,Light,Late Departure
2024-02-04,V012,D026,R010,Delhi,Jaipur,920,887,121.74,21.75,3.18,18.68,No,Stormy,Heavy,Late Departure
2024-02-14,V041,D007,R019,Chennai,Indore,1093,1042,130.81,22.22,1.1,9.01,No,Rainy,Heavy,Traffic Jam
2024-01-23,V008,D055,R008,Bangalore,Nagpur,603,619,103.62,12.71,0.15,13.18,Yes,Foggy,Heavy,Vehicle Breakdown
2024-01-27,V018,D023,R007,Bangalore,Surat,1487,1474,291.71,32.29,1.3,9.68,No,Stormy,Light,Late Departure
2024-02-13,V016,D050,R010,Delhi,Ahmedabad,607,583,75.91,12.85,0.18,11.2,Yes,Clear,Moderate,Traffic Jam
2024-03-18,V004,D048,R002,Chennai,Nagpur,770,788,152.09,16.34,2.48,15.48,No,Foggy,Light,Vehicle Breakdown
2024-03-02,V044,D040,R018,Delhi,Lucknow,410,401,52.85,9.8,4.39,3.29,No,Clear,Light,Vehicle Breakdown
2024-02-21,V005,D008,R006,Bangalore,Ahmedabad,448,458,67.44,11.21,2.21,13.28,No,Foggy,Heavy,Traffic Jam
2024-02-12,V046,D047,R003,Mumbai,Surat,966,920,134.8,21.55,0.33,19.92,Yes,Stormy,Light,Late Departure
2024-04-02,V038,D041,R017,Bangalore,Lucknow,1366,1481,251.98,29.81,0.57,15.96,Yes,Stormy,Moderate,Vehicle Breakdown
2024-01-01,V039,D075,R006,Hyderabad,Surat,558,607,99.89,10.92,1.03,9.14,No,Stormy,Moderate,Vehicle Breakdown
2024-01-03,V046,D023,R009,Mumbai,Pune,312,340,52.06,7.04,1.67,6.7,No,Stormy,Light,Late Departure
2024-01-21,V040,D079,R001,Chennai,Lucknow,304,303,38.87,6.26,2.63,6.88,No,Stormy,Moderate,Smooth Delivery
2024-03-11,V016,D056,R010,Mumbai,Ahmedabad,744,767,96.91,17.98,0.26,11.2,Yes,Stormy,Heavy,Smooth Delivery
2024-03-13,V003,D001,R001,Hyderabad,Surat,705,710,129.59,13.36,7.02,12.23,No,Foggy,Light,Traffic Jam
2024-04-07,V007,D086,R003,Kolkata,Pune,414,441,58.2,8.45,0.07,4.84,Yes,Foggy,Moderate,Smooth Delivery
2024-03-27,V004,D022,R001,Hyderabad,Indore,735,706,140.37,17.87,0.75,6.34,Yes,Rainy,Heavy,Smooth Delivery
2024-03-06,V002,D039,R020,Chennai,Ahmedabad,1050,1007,152.82,25.95,2.38,2.14,No,Clear,Light,Vehicle Breakdown
2024-01-12,V038,D075,R019,Chennai,Jaipur,768,826,105.03,15.57,1.98,18.8,No,Foggy,Light,Late Departure
2024-01-28,V037,D018,R016,Hyderabad,Pune,1257,1233,154.44,24.91,1.95,8.5,No,Foggy,Light,Vehicle Breakdown
2024-02-27,V017,D083,R018,Delhi,Pune,909,937,134.59,19.17,1.83,3.48,No,Foggy,Moderate,Smooth Delivery
2024-02-10,V028,D034,R007,Kolkata,Ahmedabad,1202,1206,191.37,29.89,0.28,4.5,Yes,Stormy,Heavy,Smooth Delivery
2024-04-07,V036,D049,R004,Bangalore,Surat,549,551,85.03,15.14,4.39,15.77,No,Rainy,Heavy,Smooth Delivery
2024-02-02,V005,D060,R013,Hyderabad,Nagpur,440,466,84.44,9.35,1.13,19.68,No,Stormy,Heavy,Late Departure
2024-03-28,V001,D088,R008,Bangalore,Lucknow,1340,1423,211.53,25.76,0.25,2.27,Yes,Foggy,Light,Traffic Jam
2024-02-15,V010,D090,R015,Delhi,Nagpur,1132,1192,225.12,30.34,2.05,6.87,No,Clear,Heavy,Smooth Delivery
2024-02-03,V024,D034,R006,Delhi,Lucknow,1232,1286,165.89,29.81,0.37,3.92,Yes,Rainy,Light,Late Departure
2024-04-01,V024,D083,R013,Chennai,Ahmedabad,677,656,126.48,18.42,0.85,7.78,Yes,Rainy,Heavy,Smooth Delivery
2024-02-14,V009,D003,R010,Bangalore,Lucknow,567,598,78.57,11.18,1.13,3.84,No,Stormy,Heavy,Late Departure
2024-01-12,V021,D085,R010,Delhi,Pune,1335,1410,231.58,36.36,2.77,8.09,No,Stormy,Moderate,Vehicle Breakdown
2024-04-21,V014,D094,R006,Hyderabad,Indore,362,355,46.62,6.82,0.62,8.39,Yes,Rainy,Heavy,Late Departure
2024-04-09,V047,D042,R008,Bangalore,Jaipur,922,956,132.77,25.43,1.35,19.15,No,Clear,Moderate,Smooth Delivery
2024-01-22,V014,D072,R003,Bangalore,Nagpur,371,367,47.5,6.87,0.47,15.58,Yes,Foggy,Heavy,Weather Delay
2024-04-22,V034,D051,R006,Delhi,Nagpur,562,554,76.81,11.03,0.43,14.89,Yes,Rainy,Heavy,Vehicle Breakdown
2024-01-31,V041,D096,R011,Hyderabad,Pune,832,891,146.65,21.69,0.14,12.36,Yes,Rainy,Heavy,Traffic Jam
2024-01-24,V025,D097,R004,Delhi,Indore,827,906,121.3,18.92,1.15,7.03,No,Rainy,Moderate,Vehicle Breakdown
2024-04-08,V024,D014,R011,Bangalore,Surat,1271,1238,192.05,28.71,1.11,19.15,No,Foggy,Heavy,Vehicle Breakdown
2024-02-12,V009,D020,R013,Chennai,Lucknow,1310,1363,199.93,34.88,8.48,15.91,No,Stormy,Heavy,Vehicle Breakdown
2024-02-25,V018,D040,R009,Kolkata,Pune,368,398,63.75,8.17,1.11,5.49,No,Rainy,Moderate,Vehicle Breakdown
2024-03-24,V002,D031,R012,Chennai,Lucknow,1259,1326,172.01,32.89,0.14,15.29,Yes,Stormy,Moderate,Weather Delay
2024-03-11,V036,D029,R001,Bangalore,Jaipur,1099,1089,158.48,22.47,0.58,16.67,Yes,Rainy,Light,Vehicle Breakdown
2024-03-16,V015,D001,R008,Delhi,Jaipur,1369,1413,185.75,27.24,3.04,2.36,No,Stormy,Light,Weather Delay
2024-02-18,V003,D036,R010,Mumbai,Surat,1184,1168,221.63,27.01,3.31,10.42,No,Rainy,Light,Vehicle Breakdown
2024-02-28,V027,D017,R018,Hyderabad,Jaipur,716,771,128.9,17.13,3.39,9.66,No,Clear,Moderate,Weather Delay
2024-04-21,V008,D029,R016,Mumbai,Indore,389,415,72.68,7.21,1.28,15.67,No,Stormy,Light,Traffic Jam
2024-01-26,V035,D016,R017,Hyderabad,Lucknow,1168,1125,173.66,22.03,3.14,2.84,No,Rainy,Heavy,Late Departure
2024-04-25,V023,D079,R008,Chennai,Nagpur,1115,1110,175.36,29.0,1.96,5.32,No,Stormy,Light,Weather Delay
2024-02-27,V019,D062,R014,Mumbai,Lucknow,593,594,84.98,13.28,2.01,19.3,No,Rainy,Heavy,Weather Delay
2024-02-23,V012,D037,R013,Mumbai,Ahmedabad,1211,1171,164.27,30.58,0.8,2.59,Yes,Clear,Heavy,Weather Delay
2024-01-19,V008,D091,R013,Bangalore,Surat,396,384,64.44,9.46,3.45,15.35,No,Stormy,Light,Weather Delay
2024-03-24,V032,D057,R017,Bangalore,Pune,607,665,97.83,15.24,0.6,7.76,Yes,Rainy,Heavy,Weather Delay
2024-01-12,V019,D015,R007,Hyderabad,Ahmedabad,657,656,93.46,14.4,0.73,4.68,Yes,Stormy,Heavy,Smooth Delivery
2024-04-23,V014,D096,R018,Hyderabad,Surat,1099,1047,185.1,29.58,2.31,4.02,No,Stormy,Moderate,Traffic Jam
2024-02-03,V028,D011,R014,Mumbai,Jaipur,947,1002,162.74,25.97,2.51,12.43,No,Foggy,Light,Late Departure
2024-01-04,V040,D094,R005,Hyderabad,Indore,968,953,124.02,26.96,0.34,15.54,Yes,Clear,Moderate,Weather Delay
2024-02-26,V022,D053,R003,Delhi,Lucknow,365,385,65.61,10.07,2.93,7.65,No,Rainy,Heavy,Vehicle Breakdown
2024-03-09,V004,D056,R015,Bangalore,Nagpur,1488,1457,222.5,27.97,0.07,15.78,Yes,Clear,Heavy,Smooth Delivery
2024-03-05,V046,D057,R015,Chennai,Indore,624,646,102.93,12.51,5.06,6.13,No,Rainy,Heavy,Vehicle Breakdown
2024-04-30,V001,D052,R004,Kolkata,Nagpur,425,412,53.24,8.78,0.86,12.32,Yes,Foggy,Moderate,Late Departure
2024-01-10,V042,D048,R004,Chennai,Lucknow,533,565,77.2,9.98,0.83,7.28,Yes,Rainy,Light,Traffic Jam
2024-04-28,V015,D003,R013,Kolkata,Pune,1164,1217,194.81,24.82,0.82,4.75,Yes,Clear,Light,Weather Delay
2024-04-24,V001,D026,R018,Mumbai,Nagpur,1366,1393,196.95,26.79,1.02,4.97,No,Stormy,Light,Smooth Delivery
2024-02-25,V018,D047,R014,Mumbai,Indore,928,939,127.6,21.45,1.79,11.13,No,Foggy,Light,Vehicle Breakdown
2024-03-14,V043,D019,R014,Delhi,Jaipur,713,703,95.15,19.44,1.12,5.76,No,Stormy,Moderate,Vehicle Breakdown
2024-02-16,V001,D001,R009,Kolkata,Pune,931,893,137.2,20.69,1.84,15.41,No,Foggy,Light,Late Departure
2024-01-18,V039,D049,R003,Delhi,Nagpur,1316,1393,223.64,27.63,1.29,9.59,No,Rainy,Light,Vehicle Breakdown
2024-04-16,V050,D014,R013,Delhi,Surat,622,646,82.38,16.01,3.54,2.96,No,Foggy,Moderate,Smooth Delivery
2024-03-12,V008,D067,R004,Mumbai,Surat,1125,1120,190.98,23.67,0.21,17.88,Yes,Stormy,Light,Late Departure
2024-01-07,V018,D041,R012,Kolkata,Pune,1364,1465,210.6,30.88,4.05,16.95,No,Foggy,Heavy,Weather Delay
2024-04-11,V010,D020,R008,Chennai,Lucknow,619,634,89.23,13.36,1.33,7.96,No,Rainy,Light,Smooth Delivery
2024-02-27,V004,D082,R001,Bangalore,Jaipur,747,761,145.39,17.72,1.79,19.16,No,Foggy,Moderate,Weather Delay
2024-03-25,V034,D093,R011,Kolkata,Jaipur,642,702,105.29,13.62,0.31,14.52,Yes,Foggy,Moderate,Traffic Jam
2024-03-26,V027,D033,R015,Kolkata,Nagpur,928,891,152.2,19.19,0.56,2.9,Yes,Stormy,Heavy,Smooth Delivery
2024-03-18,V046,D087,R014,Delhi,Indore,854,917,154.61,23.55,0.12,6.53,Yes,Foggy,Light,Weather Delay
2024-03-17,V012,D090,R001,Kolkata,Jaipur,609,594,81.12,14.7,2.45,5.13,No,Foggy,Heavy,Traffic Jam
2024-01-26,V004,D011,R005,Chennai,Ahmedabad,531,543,76.87,11.05,1.38,18.65,No,Stormy,Heavy,Weather Delay
2024-02-07,V043,D077,R013,Bangalore,Indore,1442,1419,218.94,27.37,0.12,3.01,Yes,Clear,Heavy,Late Departure
2024-03-15,V002,D080,R005,Delhi,Jaipur,1139,1121,162.49,28.34,0.32,10.26,Yes,Clear,Light,Smooth Delivery
2024-03-04,V023,D008,R017,Hyderabad,Pune,1325,1380,240.18,32.31,1.43,19.02,No,Stormy,Moderate,Traffic Jam
2024-04-25,V028,D079,R005,Mumbai,Jaipur,1334,1402,190.78,31.51,0.48,10.18,Yes,Rainy,Heavy,Smooth Delivery
2024-01-23,V030,D100,R019,Kolkata,Pune,430,460,72.23,8.28,6.73,3.3,No,Stormy,Moderate,Smooth Delivery
2024-01-28,V029,D063,R019,Chennai,Pune,657,628,115.26,15.39,0.21,17.67,Yes,Foggy,Heavy,Smooth Delivery
2024-01-24,V008,D078,R016,Chennai,Jaipur,362,345,58.01,9.36,4.02,14.05,No,Rainy,Light,Late Departure
2024-04-19,V021,D001,R007,Chennai,Surat,996,1082,136.67,22.16,0.4,5.49,Yes,Stormy,Light,Vehicle Breakdown
2024-02-20,V017,D074,R004,Hyderabad,Ahmedabad,395,388,54.45,11.03,0.08,12.95,Yes,Stormy,Light,Traffic Jam
2024-01-17,V039,D039,R019,Bangalore,Jaipur,1232,1289,184.25,29.03,2.46,11.61,No,Stormy,Heavy,Late Departure
2024-03-17,V050,D045,R014,Delhi,Ahmedabad,836,807,109.18,15.46,0.09,9.04,Yes,Stormy,Light,Traffic Jam
2024-02-15,V026,D099,R020,Delhi,Surat,1114,1139,209.4,21.28,0.5,16.09,Yes,Foggy,Moderate,Weather Delay
2024-01-29,V027,D041,R014,Bangalore,Jaipur,1379,1448,213.12,35.5,0.37,2.85,Yes,Rainy,Moderate,Vehicle Breakdown
2024-03-05,V033,D016,R019,Delhi,Ahmedabad,880,867,143.63,17.03,0.68,15.58,Yes,Foggy,Light,Smooth Delivery
2024-02-15,V008,D067,R001,Chennai,Lucknow,363,368,50.04,6.66,0.41,17.52,Yes,Foggy,Moderate,Vehicle Breakdown
2024-01-26,V027,D060,R014,Delhi,Nagpur,1217,1269,170.29,25.34,0.83,6.11,Yes,Clear,Light,Traffic Jam
2024-02-13,V009,D042,R002,Mumbai,Jaipur,984,945,143.04,17.95,2.01,7.89,No,Rainy,Heavy,Traffic Jam
2024-04-06,V028,D033,R012,Mumbai,Lucknow,1100,1181,161.63,27.07,0.02,4.13,Yes,Foggy,Moderate,Late Departure
2024-04-29,V044,D088,R017,Hyderabad,Surat,1413,1528,203.47,34.54,0.5,16.27,Yes,Rainy,Light,Traffic Jam
2024-02-25,V012,D037,R009,Delhi,Pune,377,411,56.01,8.0,0.42,11.46,Yes,Clear,Light,Weather Delay
2024-02-01,V040,D027,R013,Hyderabad,Jaipur,1429,1407,189.52,33.44,2.69,8.87,No,Rainy,Light,Weather Delay
2024-04-17,V007,D058,R018,Bangalore,Nagpur,1390,1492,248.67,31.73,1.43,3.27,No,Foggy,Heavy,Traffic Jam
2024-02-13,V046,D036,R018,Bangalore,Jaipur,1031,1126,167.54,22.83,2.74,17.58,No,Foggy,Moderate,Traffic Jam
2024-04-15,V025,D027,R017,Delhi,Indore,595,611,78.52,16.39,0.18,12.74,Yes,Clear,Heavy,Traffic Jam
2024-03-19,V031,D021,R015,Chennai,Lucknow,1282,1285,201.01,30.85,0.78,16.81,Yes,Rainy,Heavy,Smooth Delivery
2024-03-10,V022,D042,R010,Mumbai,Jaipur,995,1033,129.25,19.61,0.48,6.76,Yes,Stormy,Moderate,Traffic Jam
2024-03-11,V046,D053,R005,Hyderabad,Indore,1280,1280,169.99,36.01,0.39,18.29,Yes,Stormy,Heavy,Late Departure
2024-04-13,V023,D091,R007,Chennai,Lucknow,615,643,113.19,15.62,2.98,18.09,No,Rainy,Light,Traffic Jam
2024-03-23,V033,D064,R004,Bangalore,Pune,955,943,150.6,18.47,2.21,16.65,No,Foggy,Moderate,Weather Delay
2024-02-27,V011,D082,R006,Kolkata,Pune,893,917,118.56,21.51,0.26,14.76,Yes,Rainy,Light,Late Departure
2024-03-09,V036,D066,R001,Hyderabad,Surat,988,1018,134.59,26.98,2.78,7.28,No,Clear,Light,Weather Delay
2024-03-03,V042,D091,R008,Chennai,Nagpur,690,723,141.2,14.62,1.89,8.64,No,Clear,Heavy,Vehicle Breakdown
2024-01-13,V034,D084,R014,Chennai,Lucknow,378,371,56.1,7.32,0.59,6.54,Yes,Foggy,Moderate,Traffic Jam
2024-01-12,V048,D083,R017,Hyderabad,Indore,1110,1100,140.17,26.31,0.01,16.07,Yes,Clear,Heavy,Late Departure
2024-04-27,V011,D084,R015,Hyderabad,Jaipur,623,657,121.99,11.39,1.4,11.01,No,Foggy,Moderate,Traffic Jam
2024-04-25,V019,D067,R011,Kolkata,Ahmedabad,839,845,109.8,21.04,0.5,4.2,Yes,Foggy,Light,Vehicle Breakdown
2024-02-24,V016,D006,R012,Mumbai,Indore,479,509,75.0,10.15,0.37,13.72,Yes,Foggy,Moderate,Late Departure
2024-04-10,V033,D091,R013,Mumbai,Indore,1487,1583,260.63,29.14,0.64,15.65,Yes,Rainy,Heavy,Smooth Delivery
2024-03-28,V015,D060,R017,Mumbai,Lucknow,967,923,138.72,17.78,5.96,7.07,No,Stormy,Moderate,Weather Delay
2024-03-01,V016,D063,R006,Kolkata,Ahmedabad,1059,1076,207.36,20.18,1.26,8.93,No,Stormy,Heavy,Smooth Delivery
2024-03-31,V048,D093,R011,Mumbai,Lucknow,722,698,89.03,15.83,0.5,8.3,Yes,Rainy,Light,Late Departure
2024-02-29,V030,D085,R001,Delhi,Indore,399,395,58.04,7.44,2.91,10.29,No,Stormy,Moderate,Weather Delay
2024-03-10,V010,D096,R013,Chennai,Pune,387,415,66.2,9.66,6.15,7.47,No,Rainy,Moderate,Weather Delay
2024-02-23,V040,D027,R016,Mumbai,Jaipur,1005,1003,125.86,26.67,2.14,18.84,No,Foggy,Moderate,Late Departure
2024-03-09,V038,D032,R014,Hyderabad,Pune,1050,1078,215.27,24.71,0.18,9.49,Yes,Stormy,Light,Traffic Jam
2024-03-21,V027,D095,R008,Mumbai,Ahmedabad,712,760,120.33,16.32,1.22,12.47,No,Rainy,Light,Weather Delay
2024-01-10,V014,D095,R014,Mumbai,Pune,464,500,84.39,9.02,1.25,7.41,No,Rainy,Light,Late Departure
2024-03-08,V026,D012,R007,Bangalore,Ahmedabad,1186,1179,193.81,24.99,0.39,18.57,Yes,Stormy,Heavy,Late Departure
2024-02-05,V017,D075,R010,Delhi,Indore,367,380,48.97,10.21,0.63,2.41,Yes,Clear,Light,Traffic Jam
2024-01-03,V022,D036,R005,Hyderabad,Indore,885,876,115.48,24.77,0.86,4.12,Yes,Foggy,Moderate,Smooth Delivery
2024-02-12,V045,D014,R017,Hyderabad,Surat,835,845,112.42,17.59,2.0,8.28,No,Clear,Light,Weather Delay
2024-03-13,V003,D069,R001,Chennai,Lucknow,758,827,116.02,17.45,0.83,18.54,Yes,Foggy,Heavy,Smooth Delivery
2024-02-03,V011,D039,R010,Kolkata,Jaipur,302,313,43.97,6.97,0.38,15.02,Yes,Stormy,Moderate,Late Departure
2024-03-26,V033,D019,R001,Chennai,Ahmedabad,453,471,72.42,9.54,0.35,16.29,Yes,Stormy,Light,Smooth Delivery
2024-04-30,V001,D024,R020,Chennai,Indore,1203,1313,171.11,29.04,0.78,16.55,Yes,Rainy,Light,Vehicle Breakdown
2024-01-20,V011,D066,R006,Kolkata,Pune,1280,1330,200.19,23.91,1.15,11.27,No,Clear,Heavy,Weather Delay
2024-01-21,V017,D100,R020,Delhi,Surat,334,319,61.25,9.5,3.67,9.35,No,Foggy,Moderate,Vehicle Breakdown
2024-03-29,V035,D057,R001,Hyderabad,Jaipur,1486,1516,201.16,31.49,1.41,7.34,No,Foggy,Heavy,Traffic Jam
2024-04-27,V048,D039,R004,Bangalore,Ahmedabad,502,539,98.04,13.92,0.32,6.82,Yes,Stormy,Moderate,Smooth Delivery
2024-02-04,V022,D001,R008,Hyderabad,Surat,1073,1064,151.75,27.26,1.69,3.64,No,Foggy,Light,Vehicle Breakdown
2024-02-22,V013,D036,R012,Mumbai,Nagpur,1009,980,150.16,18.88,2.94,19.44,No,Foggy,Heavy,Late Departure
2024-03-03,V043,D018,R017,Bangalore,Indore,788,825,117.4,16.59,1.46,4.65,No,Foggy,Light,Traffic Jam
2024-01-31,V026,D005,R007,Hyderabad,Pune,1285,1325,215.16,29.3,1.11,4.31,No,Foggy,Heavy,Weather Delay
2024-01-25,V001,D099,R006,Kolkata,Surat,390,391,75.33,7.14,0.19,6.65,Yes,Clear,Heavy,Vehicle Breakdown
2024-03-04,V002,D088,R014,Bangalore,Pune,748,810,125.62,19.83,0.73,4.09,Yes,Stormy,Heavy,Weather Delay
2024-02-01,V006,D008,R007,Bangalore,Surat,1094,1072,207.91,25.0,2.46,12.55,No,Foggy,Moderate,Weather Delay
2024-04-02,V011,D089,R002,Bangalore,Jaipur,546,568,101.4,13.04,2.8,3.58,No,Foggy,Light,Smooth Delivery
2024-01-27,V041,D096,R012,Delhi,Ahmedabad,785,846,131.14,15.17,0.57,8.1,Yes,Foggy,Heavy,Traffic Jam
2024-02-26,V018,D067,R014,Delhi,Nagpur,530,563,76.55,13.39,5.41,3.52,No,Clear,Moderate,Late Departure
2024-02-13,V011,D030,R014,Hyderabad,Pune,785,753,110.96,15.87,4.86,9.29,No,Foggy,Light,Smooth Delivery
2024-03-14,V007,D043,R020,Hyderabad,Nagpur,830,791,116.18,20.35,0.85,10.79,Yes,Clear,Light,Late Departure
2024-03-20,V046,D077,R016,Bangalore,Lucknow,1391,1334,206.57,31.96,1.87,13.62,No,Foggy,Moderate,Weather Delay
2024-03-25,V037,D052,R004,Mumbai,Surat,1070,1046,186.17,26.74,0.3,13.83,Yes,Foggy,Heavy,Traffic Jam
2024-02-24,V004,D076,R012,Bangalore,Surat,1026,1127,162.01,21.77,0.79,7.63,Yes,Clear,Heavy,Vehicle Breakdown
2024-02-23,V024,D077,R003,Hyderabad,Surat,731,794,100.42,16.27,0.51,15.86,Yes,Clear,Light,Traffic Jam
2024-01-17,V043,D022,R016,Kolkata,Lucknow,1036,1004,137.6,20.16,0.2,19.58,Yes,Stormy,Light,Vehicle Breakdown
2024-04-02,V025,D048,R018,Delhi,Surat,1357,1489,190.65,30.21,0.42,12.48,Yes,Foggy,Light,Traffic Jam
2024-03-27,V037,D025,R018,Bangalore,Surat,571,578,102.89,13.13,1.64,3.28,No,Stormy,Light,Traffic Jam
2024-01-10,V043,D078,R013,Chennai,Jaipur,1474,1474,291.69,29.49,1.54,3.13,No,Foggy,Moderate,Smooth Delivery
2024-04-09,V023,D001,R008,Chennai,Lucknow,486,532,104.98,10.38,2.25,16.18,No,Rainy,Heavy,Vehicle Breakdown
2024-04-29,V015,D081,R003,Hyderabad,Indore,1251,1194,154.68,23.44,1.24,10.68,No,Stormy,Moderate,Late Departure
2024-01-07,V026,D094,R004,Delhi,Nagpur,561,536,80.17,12.99,2.22,9.27,No,Clear,Light,Weather Delay
2024-04-02,V008,D075,R018,Chennai,Lucknow,347,365,68.81,9.21,0.23,2.82,Yes,Clear,Light,Smooth Delivery
2024-02-04,V016,D009,R001,Mumbai,Surat,1393,1436,194.53,29.51,1.28,14.25,No,Stormy,Heavy,Vehicle Breakdown
2024-04-03,V032,D024,R019,Bangalore,Jaipur,415,415,68.19,10.05,1.87,4.91,No,Rainy,Moderate,Late Departure
2024-03-01,V042,D049,R003,Delhi,Jaipur,1116,1062,156.44,20.73,1.41,16.09,No,Foggy,Light,Traffic Jam
2024-04-09,V011,D066,R008,Chennai,Surat,1436,1509,232.43,29.09,2.61,6.05,No,Clear,Light,Smooth Delivery
2024-03-01,V038,D094,R017,Chennai,Ahmedabad,733,733,129.25,16.64,3.25,8.21,No,Foggy,Light,Smooth Delivery
2024-04-23,V041,D091,R016,Delhi,Pune,912,917,120.96,20.13,1.15,17.49,No,Rainy,Light,Weather Delay
2024-02-07,V025,D019,R004,Kolkata,Jaipur,333,340,48.26,9.07,0.3,9.28,Yes,Rainy,Heavy,Smooth Delivery
2024-03-07,V017,D041,R014,Hyderabad,Lucknow,723,740,93.7,13.29,2.86,7.68,No,Stormy,Moderate,Vehicle Breakdown
2024-02-28,V034,D064,R016,Mumbai,Lucknow,910,996,140.92,21.23,1.81,2.3,No,Clear,Heavy,Vehicle Breakdown
2024-02-06,V020,D035,R005,Chennai,Jaipur,461,448,59.82,9.62,0.68,11.01,Yes,Clear,Heavy,Late Departure
2024-01-13,V033,D087,R015,Chennai,Lucknow,1229,1334,193.48,28.61,0.19,7.29,Yes,Rainy,Light,Vehicle Breakdown
2024-03-30,V030,D019,R019,Delhi,Indore,1124,1232,195.18,25.29,1.04,17.91,No,Foggy,Moderate,Weather Delay
2024-01-04,V047,D085,R010,Delhi,Jaipur,367,381,53.81,8.58,0.04,18.76,Yes,Rainy,Light,Vehicle Breakdown
2024-03-10,V026,D014,R007,Bangalore,Nagpur,734,801,102.07,13.62,2.53,14.32,No,Clear,Moderate,Vehicle Breakdown
2024-04-24,V049,D081,R017,Delhi,Nagpur,563,606,89.1,14.94,0.74,19.48,Yes,Stormy,Moderate,Vehicle Breakdown
2024-02-29,V019,D024,R012,Bangalore,Surat,423,424,55.76,11.47,0.61,8.32,Yes,Clear,Heavy,Late Departure
2024-03-28,V014,D041,R018,Kolkata,Ahmedabad,1068,1022,190.77,27.48,2.73,3.14,No,Stormy,Heavy,Smooth Delivery
2024-04-22,V022,D091,R013,Bangalore,Jaipur,1397,1389,276.11,28.56,1.45,13.61,No,Clear,Light,Smooth Delivery
2024-02-18,V015,D009,R007,Mumbai,Nagpur,1308,1316,233.96,26.47,2.5,4.49,No,Stormy,Light,Vehicle Breakdown
2024-01-23,V030,D054,R011,Kolkata,Surat,710,726,126.35,18.51,1.99,11.69,No,Clear,Moderate,Weather Delay
2024-04-07,V028,D001,R003,Delhi,Lucknow,641,629,106.07,11.8,2.83,17.84,No,Clear,Moderate,Smooth Delivery
2024-03-25,V041,D064,R019,Bangalore,Jaipur,1208,1230,179.0,28.4,0.12,9.22,Yes,Rainy,Moderate,Smooth Delivery
2024-02-01,V005,D034,R018,Chennai,Pune,1386,1440,245.67,26.67,0.25,8.61,Yes,Foggy,Moderate,Weather Delay
2024-02-20,V003,D006,R015,Kolkata,Jaipur,1165,1128,181.51,32.55,0.48,9.21,Yes,Stormy,Light,Traffic Jam
2024-03-23,V032,D079,R009,Delhi,Ahmedabad,1426,1456,219.57,35.21,1.11,11.16,No,Stormy,Light,Late Departure
2024-02-22,V016,D013,R018,Hyderabad,Surat,962,959,128.03,20.95,0.61,19.05,Yes,Clear,Heavy,Traffic Jam
2024-02-18,V018,D091,R020,Kolkata,Indore,1475,1588,199.8,30.2,0.71,7.06,Yes,Rainy,Heavy,Traffic Jam
2024-04-26,V020,D091,R011,Hyderabad,Pune,947,993,125.02,19.92,3.2,7.92,No,Rainy,Moderate,Vehicle Breakdown
2024-01-13,V012,D061,R015,Bangalore,Surat,1326,1340,173.6,26.45,5.98,15.95,No,Clear,Moderate,Late Departure
2024-02-19,V016,D044,R005,Delhi,Lucknow,441,448,67.95,8.32,1.2,6.6,No,Rainy,Light,Weather Delay
2024-04-03,V007,D097,R020,Hyderabad,Nagpur,667,677,103.38,18.06,2.04,3.97,No,Foggy,Light,Traffic Jam
2024-03-01,V027,D047,R015,Delhi,Surat,1481,1496,201.78,33.39,2.77,8.15,No,Clear,Light,Late Departure
2024-04-11,V021,D016,R015,Mumbai,Ahmedabad,1381,1510,268.28,38.61,3.09,15.54,No,Rainy,Heavy,Traffic Jam
2024-01-31,V027,D091,R018,Chennai,Pune,863,849,106.74,19.16,4.53,11.09,No,Clear,Light,Late Departure
2024-01-05,V004,D068,R018,Mumbai,Surat,1359,1387,218.51,32.59,1.14,10.15,No,Rainy,Moderate,Smooth Delivery
2024-01-09,V036,D006,R009,Delhi,Lucknow,1366,1305,225.73,34.79,3.03,12.78,No,Stormy,Moderate,Late Departure
2024-04-12,V018,D096,R020,Kolkata,Lucknow,620,660,83.86,12.95,6.08,7.61,No,Foggy,Heavy,Vehicle Breakdown
2024-02-04,V018,D092,R011,Bangalore,Lucknow,1375,1344,216.43,30.96,3.39,12.08,No,Clear,Moderate,Weather Delay
2024-02-13,V039,D083,R012,Hyderabad,Ahmedabad,1150,1142,158.0,25.49,0.27,12.38,Yes,Clear,Light,Traffic Jam
2024-03-15,V022,D013,R006,Hyderabad,Jaipur,887,963,127.92,18.98,0.71,3.57,Yes,Stormy,Light,Smooth Delivery
2024-01-27,V012,D020,R007,Chennai,Lucknow,630,642,88.48,14.93,0.4,18.76,Yes,Clear,Moderate,Late Departure
2024-03-23,V020,D084,R018,Hyderabad,Nagpur,861,924,133.63,22.82,0.23,3.86,Yes,Rainy,Heavy,Weather Delay
2024-04-05,V020,D042,R001,Kolkata,Indore,1231,1283,239.96,23.74,7.44,8.59,No,Stormy,Heavy,Vehicle Breakdown
2024-04-05,V017,D026,R002,Chennai,Indore,756,769,107.78,14.07,3.37,3.04,No,Foggy,Heavy,Vehicle Breakdown
2024-04-16,V038,D089,R009,Bangalore,Ahmedabad,1228,1197,164.79,25.18,0.21,11.04,Yes,Clear,Moderate,Traffic Jam
2024-03-24,V034,D018,R006,Kolkata,Pune,849,905,160.0,16.19,0.08,16.08,Yes,Foggy,Moderate,Smooth Delivery
2024-01-26,V030,D007,R012,Bangalore,Lucknow,1260,1313,220.84,25.5,2.29,18.81,No,Clear,Light,Traffic Jam
2024-04-22,V032,D018,R016,Bangalore,Indore,1275,1281,181.49,27.1,1.12,18.03,No,Clear,Moderate,Weather Delay
2024-01-12,V016,D018,R018,Delhi,Pune,363,345,59.01,7.93,0.29,18.34,Yes,Rainy,Heavy,Weather Delay
2024-01-02,V012,D038,R011,Chennai,Lucknow,624,653,101.5,12.17,0.9,12.06,Yes,Clear,Heavy,Vehicle Breakdown
2024-01-26,V050,D016,R015,Chennai,Surat,438,416,68.23,11.59,1.76,10.62,No,Foggy,Heavy,Vehicle Breakdown
2024-04-10,V034,D055,R009,Hyderabad,Nagpur,1340,1333,208.17,34.19,3.89,2.97,No,Foggy,Moderate,Weather Delay
2024-02-18,V030,D039,R003,Mumbai,Jaipur,562,606,92.74,11.86,0.54,19.4,Yes,Stormy,Moderate,Smooth Delivery
2024-02-13,V008,D027,R007,Kolkata,Ahmedabad,1195,1185,175.12,21.78,3.19,11.65,No,Foggy,Heavy,Smooth Delivery
2024-04-09,V050,D055,R008,Bangalore,Lucknow,716,786,110.64,18.28,0.78,8.02,Yes,Rainy,Moderate,Traffic Jam
2024-01-06,V010,D062,R014,Hyderabad,Pune,598,598,82.13,12.81,0.06,17.79,Yes,Clear,Light,Weather Delay
2024-02-25,V014,D012,R007,Bangalore,Ahmedabad,883,878,109.87,16.33,4.23,16.6,No,Clear,Heavy,Smooth Delivery
2024-03-21,V045,D055,R017,Chennai,Pune,1141,1121,169.9,28.9,0.45,13.0,Yes,Clear,Moderate,Smooth Delivery
2024-01-26,V048,D028,R002,Delhi,Surat,763,729,92.18,14.3,0.72,11.28,Yes,Clear,Light,Weather Delay
2024-03-12,V003,D013,R009,Mumbai,Nagpur,537,547,71.54,11.01,0.49,10.04,Yes,Stormy,Light,Weather Delay
2024-04-27,V008,D051,R015,Kolkata,Pune,1112,1127,143.06,28.88,0.14,17.85,Yes,Foggy,Heavy,Late Departure
2024-02-08,V001,D028,R018,Mumbai,Jaipur,688,746,97.96,15.21,1.62,12.14,No,Foggy,Heavy,Smooth Delivery
2024-03-14,V026,D055,R002,Hyderabad,Nagpur,1213,1164,171.49,34.39,0.59,18.78,Yes,Clear,Moderate,Smooth Delivery
2024-02-02,V048,D034,R001,Hyderabad,Indore,1337,1331,170.22,33.42,0.57,13.31,Yes,Stormy,Moderate,Smooth Delivery
2024-04-19,V005,D021,R002,Bangalore,Lucknow,985,1048,161.13,18.71,0.06,18.6,Yes,Rainy,Heavy,Traffic Jam
2024-03-12,V006,D047,R001,Kolkata,Nagpur,1072,1049,137.08,24.92,2.68,14.09,No,Rainy,Light,Vehicle Breakdown
2024-02-18,V037,D006,R007,Delhi,Indore,481,469,60.48,12.05,0.42,16.66,Yes,Rainy,Moderate,Traffic Jam
2024-03-05,V027,D048,R013,Mumbai,Nagpur,485,468,82.6,10.76,2.66,4.65,No,Clear,Heavy,Smooth Delivery
2024-02-07,V032,D021,R016,Delhi,Lucknow,1048,1081,151.53,20.07,4.11,16.12,No,Clear,Heavy,Late Departure
2024-03-13,V006,D035,R016,Bangalore,Indore,1261,1321,209.65,33.86,1.86,19.87,No,Rainy,Heavy,Weather Delay
2024-01-03,V039,D009,R011,Mumbai,Surat,329,348,68.91,7.32,1.43,14.41,No,Stormy,Heavy,Smooth Delivery
2024-01-20,V013,D030,R005,Mumbai,Indore,1098,1161,173.95,27.82,4.28,14.54,No,Stormy,Heavy,Traffic Jam
2024-02-15,V034,D022,R017,Kolkata,Surat,444,437,73.24,8.31,3.28,9.29,No,Rainy,Moderate,Vehicle Breakdown
2024-02-04,V035,D048,R009,Kolkata,Surat,1007,962,186.96,24.76,1.49,12.52,No,Stormy,Heavy,Weather Delay
2024-01-05,V002,D089,R019,Delhi,Jaipur,748,781,109.2,21.14,0.17,8.47,Yes,Rainy,Heavy,Weather Delay
2024-02-26,V046,D017,R007,Delhi,Indore,659,641,122.66,13.78,2.53,15.55,No,Clear,Light,Vehicle Breakdown
2024-01-07,V029,D018,R017,Hyderabad,Ahmedabad,493,528,75.45,9.92,0.48,19.87,Yes,Rainy,Moderate,Traffic Jam
2024-04-14,V030,D094,R011,Mumbai,Indore,1409,1377,244.0,34.55,5.55,19.79,No,Foggy,Light,Late Departure
2024-01-23,V026,D041,R014,Kolkata,Pune,1458,1558,226.22,32.11,5.29,14.52,No,Foggy,Moderate,Smooth Delivery
2024-03-05,V042,D006,R009,Delhi,Lucknow,1205,1315,221.02,28.91,2.89,4.7,No,Stormy,Heavy,Weather Delay
2024-01-31,V031,D013,R010,Delhi,Surat,709,774,118.67,13.25,0.62,14.89,Yes,Clear,Moderate,Smooth Delivery
2024-01-31,V017,D003,R008,Delhi,Lucknow,1264,1292,187.78,28.03,5.12,14.46,No,Stormy,Heavy,Weather Delay
2024-01-13,V018,D069,R009,Bangalore,Nagpur,644,636,82.29,15.75,0.7,3.84,Yes,Rainy,Light,Traffic Jam
2024-03-14,V007,D086,R020,Bangalore,Indore,1082,1173,200.23,26.93,3.79,16.5,No,Clear,Light,Smooth Delivery
2024-01-06,V012,D033,R005,Kolkata,Surat,1274,1237,169.27,23.92,0.12,16.85,Yes,Rainy,Light,Traffic Jam
2024-04-29,V022,D002,R008,Delhi,Jaipur,882,910,129.86,19.66,1.8,2.61,No,Stormy,Moderate,Vehicle Breakdown
2024-02-17,V017,D072,R003,Mumbai,Ahmedabad,1477,1572,308.23,33.49,0.25,16.82,Yes,Rainy,Light,Late Departure
2024-02-11,V029,D031,R008,Bangalore,Surat,968,965,151.68,22.21,2.22,10.66,No,Stormy,Heavy,Late Departure
2024-03-19,V005,D021,R020,Chennai,Ahmedabad,1449,1548,296.52,37.31,1.2,19.05,No,Stormy,Heavy,Smooth Delivery
2024-01-10,V012,D092,R014,Kolkata,Ahmedabad,603,579,112.88,15.81,1.54,9.18,No,Rainy,Light,Vehicle Breakdown
2024-03-26,V024,D090,R004,Mumbai,Lucknow,1169,1255,240.62,30.03,0.54,13.28,Yes,Clear,Heavy,Vehicle Breakdown
2024-03-17,V039,D054,R014,Chennai,Lucknow,1136,1195,222.42,21.09,0.63,14.84,Yes,Rainy,Light,Traffic Jam
2024-01-02,V028,D094,R015,Bangalore,Indore,1307,1344,237.11,25.17,2.56,9.13,No,Rainy,Light,Weather Delay
2024-01-03,V010,D015,R002,Bangalore,Indore,972,1009,174.76,19.92,0.55,17.19,Yes,Foggy,Light,Late Departure
2024-03-01,V046,D067,R003,Kolkata,Lucknow,989,971,192.49,24.5,0.32,11.15,Yes,Foggy,Moderate,Late Departure
2024-03-06,V026,D083,R002,Delhi,Nagpur,974,955,131.01,24.46,1.84,12.41,No,Clear,Heavy,Smooth Delivery
2024-01-28,V034,D021,R005,Hyderabad,Indore,1236,1357,169.63,23.59,2.14,8.96,No,Rainy,Heavy,Weather Delay
2024-01-23,V023,D094,R003,Kolkata,Indore,409,434,55.15,11.53,1.16,5.92,No,Rainy,Moderate,Smooth Delivery
2024-04-21,V034,D050,R012,Hyderabad,Surat,1014,1048,163.77,21.8,1.2,19.28,No,Stormy,Moderate,Late Departure
2024-03-10,V007,D099,R014,Delhi,Pune,814,840,111.43,19.66,0.86,10.47,Yes,Foggy,Heavy,Traffic Jam
2024-01-09,V028,D057,R014,Bangalore,Jaipur,542,537,87.47,11.54,1.3,13.46,No,Clear,Moderate,Weather Delay
2024-03-19,V034,D068,R008,Hyderabad,Jaipur,309,309,51.95,6.54,0.21,6.55,Yes,Foggy,Moderate,Vehicle Breakdown
2024-03-05,V025,D089,R019,Mumbai,Pune,781,746,142.97,19.59,0.03,6.42,Yes,Clear,Light,Weather Delay
2024-01-20,V004,D053,R018,Delhi,Indore,534,559,107.85,12.21,3.66,16.24,No,Foggy,Heavy,Vehicle Breakdown
2024-01-12,V045,D095,R015,Delhi,Nagpur,1150,1145,147.28,27.65,0.11,19.89,Yes,Rainy,Light,Vehicle Breakdown
2024-01-01,V027,D086,R007,Hyderabad,Surat,824,890,139.11,17.05,1.67,5.5,No,Foggy,Moderate,Late Departure
2024-03-26,V015,D006,R017,Bangalore,Pune,1033,1012,157.91,19.41,0.02,16.09,Yes,Foggy,Light,Weather Delay
2024-01-08,V015,D075,R003,Mumbai,Pune,711,681,105.83,14.89,1.74,3.05,No,Stormy,Light,Weather Delay
2024-01-25,V018,D008,R012,Delhi,Surat,1488,1507,223.21,40.97,0.22,13.95,Yes,Foggy,Heavy,Smooth Delivery
2024-04-14,V049,D063,R015,Delhi,Nagpur,1215,1249,227.69,26.58,3.66,2.28,No,Rainy,Light,Weather Delay
2024-01-30,V003,D092,R012,Delhi,Lucknow,1001,1047,200.54,28.49,0.24,9.61,Yes,Foggy,Light,Traffic Jam
2024-01-15,V026,D015,R012,Hyderabad,Lucknow,1488,1592,272.35,31.32,0.79,6.22,Yes,Foggy,Heavy,Traffic Jam
2024-02-06,V048,D019,R006,Mumbai,Ahmedabad,1443,1482,200.48,27.94,2.81,8.09,No,Rainy,Moderate,Smooth Delivery
2024-03-21,V006,D008,R002,Bangalore,Lucknow,1111,1187,210.59,22.32,4.45,2.25,No,Clear,Light,Smooth Delivery
2024-01-17,V016,D010,R015,Mumbai,Lucknow,392,398,57.32,7.99,0.29,19.5,Yes,Clear,Moderate,Vehicle Breakdown
2024-04-02,V035,D017,R005,Kolkata,Indore,793,826,150.37,22.39,2.29,3.43,No,Clear,Heavy,Late Departure
2024-04-03,V030,D032,R020,Delhi,Indore,657,638,94.88,13.96,1.74,9.08,No,Foggy,Moderate,Traffic Jam
2024-01-15,V032,D013,R003,Delhi,Jaipur,644,686,86.58,15.93,1.82,18.71,No,Clear,Moderate,Weather Delay
2024-02-19,V036,D068,R001,Hyderabad,Surat,1304,1373,194.94,33.03,1.15,12.13,No,Clear,Light,Traffic Jam
2024-02-03,V031,D019,R003,Bangalore,Jaipur,360,379,47.43,10.09,0.1,3.4,Yes,Stormy,Moderate,Vehicle Breakdown
2024-04-05,V027,D085,R004,Bangalore,Surat,800,849,156.96,16.86,0.59,10.23,Yes,Rainy,Moderate,Vehicle Breakdown
2024-02-16,V030,D073,R014,Bangalore,Lucknow,1331,1307,172.01,28.49,4.34,12.34,No,Rainy,Heavy,Smooth Delivery
2024-03-21,V008,D059,R001,Bangalore,Jaipur,960,929,168.52,17.52,1.94,2.89,No,Foggy,Moderate,Traffic Jam
2024-01-08,V004,D065,R015,Kolkata,Nagpur,697,735,117.85,16.94,0.25,17.12,Yes,Clear,Moderate,Vehicle Breakdown
2024-03-27,V022,D046,R017,Chennai,Pune,922,884,150.61,22.42,0.26,11.15,Yes,Foggy,Moderate,Vehicle Breakdown
2024-01-18,V016,D039,R008,Chennai,Ahmedabad,1381,1314,222.6,25.73,0.56,8.49,Yes,Clear,Heavy,Traffic Jam
2024-04-25,V016,D096,R008,Delhi,Surat,918,937,140.16,17.94,0.32,17.69,Yes,Foggy,Light,Smooth Delivery
2024-04-20,V043,D100,R019,Chennai,Surat,1265,1345,187.64,34.43,0.03,12.69,Yes,Clear,Heavy,Weather Delay
2024-02-06,V017,D060,R019,Chennai,Surat,1396,1506,223.0,35.55,0.14,14.59,Yes,Clear,Moderate,Traffic Jam
2024-03-23,V012,D066,R015,Chennai,Lucknow,974,1030,186.68,27.39,0.79,12.49,Yes,Rainy,Moderate,Vehicle Breakdown
2024-04-17,V045,D006,R016,Chennai,Ahmedabad,863,911,122.61,18.28,0.18,14.29,Yes,Clear,Light,Late Departure
2024-02-27,V009,D091,R015,Chennai,Ahmedabad,504,553,71.66,9.61,0.54,15.51,Yes,Foggy,Heavy,Weather Delay
2024-04-22,V038,D081,R012,Mumbai,Nagpur,590,635,90.26,14.75,4.61,10.11,No,Foggy,Light,Weather Delay
2024-03-07,V011,D093,R007,Chennai,Indore,1293,1253,235.11,26.97,0.86,3.7,Yes,Clear,Light,Late Departure
2024-04-29,V036,D012,R013,Bangalore,Pune,1067,1132,153.01,21.55,0.34,14.42,Yes,Clear,Light,Late Departure
2024-04-07,V038,D001,R009,Mumbai,Ahmedabad,541,514,86.89,12.59,2.7,9.03,No,Rainy,Heavy,Traffic Jam
2024-01-09,V038,D060,R020,Mumbai,Indore,696,662,109.29,15.47,4.46,18.94,No,Clear,Heavy,Vehicle Breakdown
2024-02-18,V033,D091,R001,Bangalore,Surat,1091,1066,191.88,28.51,2.33,2.11,No,Rainy,Moderate,Vehicle Breakdown
2024-02-19,V020,D053,R010,Delhi,Ahmedabad,730,707,106.9,18.27,0.15,8.48,Yes,Rainy,Moderate,Traffic Jam
2024-04-08,V013,D093,R014,Hyderabad,Jaipur,543,538,82.35,9.95,0.2,8.71,Yes,Clear,Moderate,Vehicle Breakdown
2024-01-15,V013,D086,R011,Bangalore,Lucknow,904,985,129.09,21.08,1.8,3.58,No,Foggy,Heavy,Traffic Jam
2024-02-19,V039,D017,R013,Mumbai,Ahmedabad,603,637,80.44,13.18,1.04,5.37,No,Clear,Moderate,Late Departure
2024-01-06,V039,D092,R009,Kolkata,Ahmedabad,929,970,143.25,19.34,0.04,11.88,Yes,Clear,Light,Traffic Jam
2024-01-07,V007,D042,R011,Chennai,Surat,833,865,153.84,21.27,0.48,14.81,Yes,Clear,Moderate,Vehicle Breakdown
2024-01-13,V033,D047,R020,Mumbai,Pune,1393,1450,192.38,34.05,3.65,15.39,No,Clear,Heavy,Traffic Jam
2024-01-19,V043,D007,R001,Mumbai,Indore,1363,1375,260.13,33.96,4.71,7.59,No,Rainy,Moderate,Smooth Delivery
2024-01-11,V032,D018,R006,Chennai,Ahmedabad,775,774,138.99,15.16,0.48,7.94,Yes,Clear,Moderate,Weather Delay
2024-02-11,V031,D078,R019,Chennai,Jaipur,1120,1133,179.81,25.91,1.05,16.66,No,Stormy,Light,Traffic Jam
2024-01-16,V047,D018,R007,Bangalore,Jaipur,352,377,50.98,9.51,2.41,4.16,No,Clear,Light,Late Departure
2024-02-28,V013,D020,R019,Bangalore,Pune,1310,1269,161.79,25.49,1.21,17.75,No,Clear,Light,Late Departure
2024-04-17,V048,D038,R005,Delhi,Ahmedabad,958,1052,153.98,20.27,2.11,6.18,No,Foggy,Moderate,Traffic Jam
2024-04-16,V007,D074,R019,Bangalore,Indore,637,621,85.32,15.2,0.22,7.67,Yes,Foggy,Moderate,Smooth Delivery
2024-04-18,V029,D033,R017,Delhi,Pune,1393,1398,177.06,28.45,1.14,19.44,No,Foggy,Moderate,Smooth Delivery
2024-03-29,V029,D042,R006,Delhi,Lucknow,411,446,68.24,7.74,0.78,6.15,Yes,Clear,Light,Late Departure
2024-03-19,V038,D017,R002,Bangalore,Surat,1415,1393,199.37,31.43,1.61,14.35,No,Clear,Light,Vehicle Breakdown
2024-02-10,V016,D045,R017,Kolkata,Jaipur,376,358,69.35,8.24,0.32,13.39,Yes,Clear,Heavy,Weather Delay
2024-02-26,V034,D084,R017,Hyderabad,Indore,1473,1521,225.09,35.88,1.53,16.93,No,Rainy,Light,Traffic Jam
2024-04-02,V026,D076,R007,Bangalore,Lucknow,550,604,80.37,11.92,0.32,14.27,Yes,Clear,Light,Vehicle Breakdown
2024-03-27,V001,D088,R009,Bangalore,Ahmedabad,1127,1229,218.08,28.09,0.24,15.26,Yes,Rainy,Light,Weather Delay
2024-02-04,V032,D009,R015,Bangalore,Jaipur,1329,1343,258.86,25.31,1.22,7.96,No,Clear,Heavy,Traffic Jam
2024-01-02,V040,D076,R013,Bangalore,Surat,859,860,146.49,19.47,0.62,11.86,Yes,Rainy,Light,Late Departure
2024-04-14,V003,D089,R001,Kolkata,Jaipur,604,643,91.55,14.77,1.13,17.12,No,Stormy,Light,Traffic Jam
2024-01-01,V010,D029,R014,Chennai,Ahmedabad,1411,1354,258.65,30.59,1.53,5.81,No,Rainy,Light,Weather Delay
2024-03-14,V025,D073,R003,Mumbai,Pune,1133,1203,173.37,21.19,0.28,15.52,Yes,Foggy,Moderate,Late Departure
2024-01-22,V002,D030,R012,Mumbai,Ahmedabad,1212,1166,174.14,26.33,0.74,17.2,Yes,Foggy,Heavy,Late Departure
2024-02-02,V018,D062,R005,Bangalore,Nagpur,389,369,56.25,9.89,2.04,2.78,No,Clear,Light,Traffic Jam
2024-04-30,V021,D011,R004,Bangalore,Ahmedabad,822,883,117.51,15.91,0.25,13.35,Yes,Foggy,Heavy,Late Departure
2024-02-10,V029,D030,R019,Kolkata,Pune,361,343,45.47,7.3,1.14,15.15,No,Stormy,Moderate,Traffic Jam
2024-04-10,V031,D031,R016,Delhi,Jaipur,1348,1299,197.24,33.02,5.4,17.43,No,Stormy,Heavy,Late Departure
2024-01-15,V026,D009,R016,Mumbai,Nagpur,896,949,121.65,21.37,3.47,7.85,No,Rainy,Light,Weather Delay
2024-01-19,V041,D008,R004,Chennai,Surat,1218,1290,178.94,34.44,0.67,2.35,Yes,Rainy,Moderate,Traffic Jam
2024-04-10,V028,D027,R016,Mumbai,Nagpur,1092,1200,223.61,23.81,2.34,5.62,No,Rainy,Light,Vehicle Breakdown
2024-04-18,V007,D008,R016,Kolkata,Pune,1003,1025,150.24,26.25,2.26,7.39,No,Clear,Moderate,Weather Delay
2024-03-16,V017,D002,R016,Chennai,Nagpur,433,425,63.67,10.02,3.79,17.84,No,Clear,Moderate,Traffic Jam
2024-01-31,V007,D064,R011,Chennai,Pune,752,768,126.36,18.12,0.47,11.8,Yes,Foggy,Moderate,Vehicle Breakdown
2024-02-12,V017,D021,R018,Bangalore,Ahmedabad,911,975,164.36,23.48,0.97,3.24,Yes,Rainy,Heavy,Smooth Delivery
2024-01-04,V037,D016,R014,Kolkata,Ahmedabad,1085,1144,174.52,24.15,0.54,18.28,Yes,Rainy,Moderate,Smooth Delivery
2024-02-18,V017,D011,R007,Hyderabad,Ahmedabad,1103,1062,139.56,25.93,3.19,15.12,No,Stormy,Moderate,Weather Delay
2024-04-23,V038,D077,R009,Hyderabad,Indore,1193,1151,153.58,24.53,0.05,4.41,Yes,Clear,Light,Weather Delay
2024-04-11,V039,D071,R017,Bangalore,Ahmedabad,859,897,128.37,17.2,1.91,13.87,No,Rainy,Light,Traffic Jam
2024-04-22,V045,D018,R010,Mumbai,Indore,1019,1085,161.33,25.34,3.65,2.33,No,Rainy,Heavy,Traffic Jam
2024-04-06,V026,D006,R006,Delhi,Indore,1371,1377,191.61,31.49,0.04,3.19,Yes,Clear,Heavy,Vehicle Breakdown
2024-04-21,V003,D015,R012,Kolkata,Jaipur,863,903,114.38,18.75,1.06,7.73,No,Rainy,Moderate,Traffic Jam
2024-03-14,V050,D081,R009,Mumbai,Pune,1006,994,196.33,24.86,0.89,5.56,Yes,Foggy,Heavy,Smooth Delivery
2024-02-14,V001,D011,R008,Bangalore,Surat,1493,1437,200.89,28.23,4.14,13.12,No,Foggy,Heavy,Smooth Delivery
2024-04-27,V042,D078,R011,Kolkata,Surat,1164,1115,154.38,31.29,1.66,16.03,No,Clear,Light,Traffic Jam
2024-02-26,V003,D060,R003,Hyderabad,Lucknow,776,821,104.51,15.59,1.77,6.71,No,Clear,Light,Late Departure
2024-02-06,V030,D014,R011,Delhi,Jaipur,675,734,132.52,12.71,0.56,4.34,Yes,Foggy,Moderate,Late Departure
2024-01-23,V013,D011,R019,Bangalore,Pune,1490,1600,319.52,28.85,0.46,17.92,Yes,Foggy,Heavy,Weather Delay
2024-02-29,V039,D005,R009,Chennai,Surat,956,1007,143.89,22.6,0.09,16.94,Yes,Stormy,Heavy,Traffic Jam
2024-04-07,V040,D070,R014,Delhi,Jaipur,791,771,126.05,16.83,0.99,5.58,Yes,Foggy,Heavy,Traffic Jam
2024-04-13,V030,D050,R004,Bangalore,Ahmedabad,1226,1190,221.61,23.46,0.05,19.59,Yes,Stormy,Heavy,Weather Delay
2024-03-09,V037,D024,R018,Delhi,Surat,1176,1152,216.1,25.27,0.13,12.84,Yes,Rainy,Heavy,Late Departure
2024-01-26,V016,D067,R012,Hyderabad,Nagpur,322,346,67.27,6.31,0.75,4.87,Yes,Foggy,Heavy,Smooth Delivery
2024-03-03,V012,D018,R016,Hyderabad,Pune,996,972,125.32,26.77,3.02,11.8,No,Stormy,Moderate,Smooth Delivery
2024-03-22,V045,D053,R008,Chennai,Pune,825,788,123.25,16.07,1.94,10.8,No,Stormy,Moderate,Traffic Jam
2024-04-13,V020,D058,R004,Bangalore,Pune,715,771,143.81,13.44,2.81,14.75,No,Clear,Light,Smooth Delivery
2024-03-19,V012,D001,R009,Delhi,Nagpur,578,620,93.49,11.92,1.23,8.4,No,Foggy,Moderate,Vehicle Breakdown
2024-01-15,V008,D059,R019,Bangalore,Ahmedabad,1151,1191,206.33,26.28,0.49,4.21,Yes,Rainy,Heavy,Traffic Jam
2024-04-28,V016,D016,R011,Kolkata,Pune,466,465,61.54,10.93,2.07,5.15,No,Clear,Moderate,Vehicle Breakdown
2024-01-24,V015,D049,R011,Delhi,Lucknow,1275,1292,241.74,33.75,1.44,12.93,No,Rainy,Light,Smooth Delivery
2024-04-07,V008,D100,R006,Hyderabad,Lucknow,728,714,111.16,13.93,0.29,2.35,Yes,Rainy,Moderate,Weather Delay
2024-04-02,V029,D002,R017,Kolkata,Jaipur,318,333,64.53,5.82,1.41,10.47,No,Rainy,Heavy,Weather Delay
2024-03-14,V005,D004,R015,Delhi,Lucknow,688,697,103.73,18.69,3.99,13.26,No,Rainy,Moderate,Smooth Delivery
2024-01-17,V010,D032,R008,Mumbai,Ahmedabad,927,906,135.47,24.61,0.03,13.35,Yes,Stormy,Light,Traffic Jam
2024-04-25,V033,D053,R013,Chennai,Jaipur,550,575,85.17,14.22,1.39,3.02,No,Stormy,Light,Traffic Jam
2024-04-21,V013,D050,R011,Hyderabad,Nagpur,867,902,135.39,18.02,3.39,17.31,No,Rainy,Moderate,Weather Delay
2024-04-08,V025,D068,R004,Bangalore,Surat,1047,1148,144.79,20.75,4.7,17.61,No,Clear,Light,Weather Delay
2024-03-27,V033,D090,R016,Kolkata,Nagpur,761,806,154.22,21.15,2.73,10.81,No,Clear,Light,Late Departure
2024-03-08,V048,D064,R018,Kolkata,Nagpur,455,487,82.0,10.59,1.81,18.48,No,Stormy,Heavy,Smooth Delivery
2024-04-04,V035,D002,R006,Bangalore,Indore,1448,1394,183.8,28.47,0.57,8.39,Yes,Clear,Moderate,Traffic Jam
2024-01-19,V032,D005,R017,Delhi,Ahmedabad,597,571,113.13,13.4,0.15,5.49,Yes,Rainy,Light,Smooth Delivery
2024-03-24,V047,D093,R016,Mumbai,Pune,556,598,89.08,11.66,0.31,16.92,Yes,Foggy,Light,Traffic Jam
2024-01-13,V010,D053,R012,Delhi,Ahmedabad,962,1039,158.14,18.07,2.79,15.16,No,Clear,Moderate,Weather Delay
2024-02-08,V044,D008,R009,Bangalore,Ahmedabad,348,368,69.22,8.61,0.1,2.16,Yes,Foggy,Light,Vehicle Breakdown
2024-01-25,V029,D026,R007,Bangalore,Surat,947,922,120.66,23.8,5.27,12.75,No,Rainy,Light,Traffic Jam
2024-03-14,V036,D036,R005,Chennai,Indore,504,496,76.41,12.8,6.2,17.25,No,Foggy,Moderate,Traffic Jam
2024-01-17,V024,D017,R009,Mumbai,Indore,715,682,86.95,14.47,0.13,14.07,Yes,Rainy,Moderate,Vehicle Breakdown
2024-02-15,V047,D085,R012,Mumbai,Indore,1034,1082,191.29,20.61,0.14,10.81,Yes,Foggy,Heavy,Traffic Jam
2024-02-15,V024,D073,R017,Kolkata,Jaipur,689,655,82.85,13.77,0.26,8.15,Yes,Foggy,Moderate,Vehicle Breakdown
2024-04-19,V011,D033,R009,Delhi,Surat,362,352,48.22,10.01,2.75,18.96,No,Foggy,Moderate,Vehicle Breakdown
2024-01-19,V011,D097,R017,Hyderabad,Surat,1315,1382,245.08,31.16,0.97,12.88,Yes,Foggy,Moderate,Traffic Jam
2024-03-09,V046,D027,R006,Kolkata,Lucknow,796,836,125.48,18.94,3.32,3.47,No,Foggy,Heavy,Weather Delay
2024-04-07,V042,D069,R006,Bangalore,Lucknow,1361,1388,189.44,37.58,1.83,16.75,No,Foggy,Light,Smooth Delivery
2024-04-28,V032,D043,R014,Kolkata,Pune,715,750,148.84,18.52,0.63,6.21,Yes,Clear,Light,Late Departure
2024-03-11,V047,D004,R005,Bangalore,Surat,427,467,67.15,10.43,3.98,15.33,No,Clear,Moderate,Smooth Delivery
2024-01-20,V029,D024,R004,Mumbai,Jaipur,475,471,76.75,12.18,5.31,11.31,No,Foggy,Moderate,Smooth Delivery
2024-03-02,V034,D037,R001,Hyderabad,Surat,650,704,116.57,12.45,0.08,19.68,Yes,Stormy,Light,Traffic Jam
2024-01-12,V044,D013,R013,Hyderabad,Pune,422,458,75.21,8.36,2.09,18.22,No,Clear,Moderate,Late Departure
2024-03-26,V013,D003,R009,Chennai,Surat,805,801,125.22,15.39,2.26,9.08,No,Foggy,Moderate,Weather Delay
2024-01-26,V013,D046,R001,Delhi,Pune,1336,1438,279.72,26.38,0.35,7.15,Yes,Clear,Heavy,Smooth Delivery
2024-01-31,V030,D088,R008,Bangalore,Surat,659,674,106.16,14.51,1.18,7.97,No,Foggy,Light,Vehicle Breakdown
2024-04-09,V010,D018,R007,Hyderabad,Indore,1439,1404,192.19,33.47,1.06,13.6,No,Stormy,Moderate,Smooth Delivery
2024-02-14,V041,D045,R004,Mumbai,Lucknow,445,483,67.81,12.39,2.74,19.81,No,Rainy,Heavy,Weather Delay
2024-03-22,V025,D094,R003,Chennai,Pune,805,821,103.81,17.52,0.92,7.97,Yes,Foggy,Light,Weather Delay
2024-04-29,V011,D002,R012,Delhi,Nagpur,758,794,139.56,20.43,0.04,7.26,Yes,Foggy,Moderate,Weather Delay
2024-01-08,V013,D099,R012,Chennai,Indore,983,992,149.03,24.06,6.21,7.25,No,Rainy,Light,Smooth Delivery
2024-03-29,V003,D047,R017,Bangalore,Nagpur,1198,1217,229.2,29.79,0.07,12.07,Yes,Foggy,Moderate,Smooth Delivery
2024-02-14,V022,D084,R015,Kolkata,Pune,758,805,144.08,17.89,0.03,17.11,Yes,Stormy,Light,Smooth Delivery
2024-03-19,V024,D006,R005,Bangalore,Lucknow,1380,1472,283.64,32.63,4.66,9.06,No,Foggy,Moderate,Smooth Delivery
2024-04-06,V049,D065,R020,Delhi,Lucknow,1079,1110,183.0,23.0,5.74,19.96,No,Rainy,Light,Vehicle Breakdown
2024-01-20,V038,D040,R012,Mumbai,Nagpur,648,690,111.06,14.44,0.66,19.74,Yes,Clear,Light,Vehicle Breakdown
2024-01-24,V033,D061,R001,Hyderabad,Jaipur,1192,1258,198.21,33.82,1.1,19.71,No,Rainy,Heavy,Traffic Jam
2024-01-03,V002,D062,R006,Delhi,Surat,1044,1073,193.43,29.46,0.66,18.53,Yes,Clear,Heavy,Weather Delay
2024-01-26,V028,D001,R005,Bangalore,Pune,1224,1345,171.64,24.68,1.23,12.63,No,Rainy,Heavy,Weather Delay
2024-02-02,V046,D015,R013,Delhi,Jaipur,763,786,110.38,17.59,1.66,4.19,No,Clear,Heavy,Weather Delay
2024-02-19,V002,D070,R008,Hyderabad,Ahmedabad,1289,1275,169.82,24.29,1.16,2.57,No,Rainy,Moderate,Smooth Delivery
2024-04-20,V049,D011,R004,Bangalore,Surat,1214,1322,186.03,28.05,1.37,9.74,No,Stormy,Heavy,Vehicle Breakdown
2024-04-03,V017,D083,R005,Kolkata,Indore,789,804,104.95,20.64,0.16,2.05,Yes,Foggy,Light,Smooth Delivery
2024-01-07,V044,D029,R005,Kolkata,Jaipur,514,512,94.08,13.05,0.02,6.09,Yes,Rainy,Light,Weather Delay
2024-01-22,V007,D099,R006,Chennai,Nagpur,385,384,75.37,8.16,1.26,3.75,No,Stormy,Heavy,Smooth Delivery
2024-01-16,V040,D007,R008,Delhi,Indore,555,576,72.04,10.3,0.0,16.32,Yes,Stormy,Light,Vehicle Breakdown
2024-02-06,V042,D038,R003,Chennai,Jaipur,850,852,164.13,20.77,0.58,11.42,Yes,Clear,Moderate,Smooth Delivery
2024-03-27,V047,D084,R020,Kolkata,Indore,704,738,101.83,17.64,0.58,7.55,Yes,Rainy,Moderate,Weather Delay
2024-02-23,V045,D020,R004,Chennai,Indore,402,403,50.38,7.95,5.53,14.48,No,Stormy,Heavy,Vehicle Breakdown
2024-04-15,V037,D010,R010,Bangalore,Jaipur,526,531,86.07,11.75,0.81,16.91,Yes,Rainy,Heavy,Weather Delay
2024-02-20,V036,D003,R015,Delhi,Surat,1135,1157,196.54,22.48,2.89,9.57,No,Foggy,Moderate,Weather Delay
2024-04-09,V032,D004,R002,Kolkata,Jaipur,1125,1181,228.15,24.68,0.07,2.53,Yes,Stormy,Heavy,Traffic Jam
2024-03-03,V012,D015,R011,Mumbai,Ahmedabad,1399,1457,246.53,28.06,3.4,4.51,No,Stormy,Moderate,Smooth Delivery
2024-04-05,V009,D008,R013,Bangalore,Nagpur,1483,1570,239.93,39.82,1.58,12.97,No,Rainy,Heavy,Smooth Delivery
2024-04-17,V033,D029,R008,Chennai,Lucknow,549,564,72.5,12.09,6.99,11.17,No,Rainy,Moderate,Vehicle Breakdown
2024-03-07,V003,D085,R013,Kolkata,Surat,579,560,87.34,14.98,1.36,14.48,No,Clear,Light,Weather Delay
2024-01-06,V009,D016,R006,Bangalore,Pune,569,580,109.58,12.82,0.13,14.28,Yes,Rainy,Heavy,Late Departure
2024-04-01,V039,D064,R011,Chennai,Jaipur,1395,1490,188.92,36.73,1.14,12.22,No,Foggy,Light,Smooth Delivery
2024-02-23,V018,D088,R016,Chennai,Indore,650,707,102.73,17.15,0.86,13.79,Yes,Clear,Moderate,Late Departure
2024-04-03,V026,D055,R009,Bangalore,Indore,759,800,105.41,19.66,4.54,3.06,No,Clear,Heavy,Traffic Jam
2024-03-03,V011,D025,R013,Hyderabad,Lucknow,393,431,56.91,8.15,1.99,3.31,No,Rainy,Light,Vehicle Breakdown
2024-01-27,V042,D092,R010,Mumbai,Lucknow,954,912,171.9,25.96,1.19,5.88,No,Clear,Moderate,Weather Delay
2024-02-23,V008,D007,R008,Mumbai,Nagpur,748,807,127.34,15.29,1.59,7.76,No,Rainy,Heavy,Weather Delay
2024-01-03,V035,D045,R017,Bangalore,Jaipur,756,745,123.6,14.84,1.32,6.56,No,Stormy,Heavy,Traffic Jam
2024-02-02,V042,D043,R008,Bangalore,Ahmedabad,389,417,80.75,7.94,0.87,15.16,Yes,Clear,Heavy,Smooth Delivery
2024-01-25,V028,D098,R002,Hyderabad,Lucknow,1293,1408,194.2,29.49,0.25,16.51,Yes,Rainy,Heavy,Smooth Delivery
2024-02-20,V005,D077,R018,Bangalore,Indore,1145,1166,223.12,23.19,0.52,2.88,Yes,Stormy,Light,Traffic Jam
2024-02-01,V004,D091,R007,Mumbai,Nagpur,699,758,117.53,17.21,1.89,17.95,No,Rainy,Heavy,Late Departure
2024-03-25,V041,D076,R004,Mumbai,Indore,705,669,94.71,14.0,0.35,10.81,Yes,Rainy,Heavy,Weather Delay
2024-01-07,V017,D097,R003,Mumbai,Lucknow,671,646,89.22,12.92,0.17,16.7,Yes,Rainy,Moderate,Vehicle Breakdown
2024-03-26,V026,D037,R011,Bangalore,Ahmedabad,302,321,53.14,6.19,0.0,18.77,Yes,Foggy,Light,Weather Delay
2024-02-27,V009,D021,R008,Chennai,Jaipur,798,823,119.95,16.52,1.24,17.42,No,Foggy,Light,Vehicle Breakdown
2024-04-28,V030,D089,R011,Hyderabad,Ahmedabad,350,364,47.13,7.5,0.28,18.44,Yes,Foggy,Light,Late Departure
2024-04-03,V016,D001,R009,Kolkata,Lucknow,1284,1351,190.34,23.47,0.12,9.71,Yes,Rainy,Moderate,Late Departure
2024-03-14,V019,D078,R015,Delhi,Surat,567,558,80.97,11.09,5.09,10.18,No,Foggy,Moderate,Smooth Delivery
2024-03-23,V009,D099,R014,Hyderabad,Lucknow,1482,1582,204.1,30.45,0.42,12.94,Yes,Rainy,Moderate,Weather Delay
2024-01-20,V041,D056,R007,Kolkata,Surat,501,548,68.82,10.47,3.27,5.61,No,Clear,Heavy,Late Departure
2024-02-23,V024,D068,R009,Mumbai,Jaipur,580,572,72.79,15.38,0.32,9.57,Yes,Foggy,Light,Weather Delay
2024-01-17,V030,D024,R015,Delhi,Lucknow,587,609,89.41,14.37,3.8,18.47,No,Stormy,Light,Vehicle Breakdown
2024-04-26,V019,D019,R004,Chennai,Jaipur,926,934,148.19,18.88,1.63,8.88,No,Clear,Moderate,Smooth Delivery
2024-04-05,V012,D077,R007,Hyderabad,Indore,1490,1508,249.5,37.52,0.92,14.36,Yes,Stormy,Heavy,Smooth Delivery
2024-03-01,V031,D023,R019,Bangalore,Ahmedabad,756,802,109.31,17.79,2.17,2.12,No,Clear,Moderate,Traffic Jam
2024-04-27,V015,D080,R010,Delhi,Lucknow,1231,1257,170.29,25.86,0.96,13.6,Yes,Rainy,Light,Late Departure
2024-02-12,V017,D095,R019,Chennai,Jaipur,788,855,127.63,15.45,5.92,14.7,No,Foggy,Heavy,Smooth Delivery
2024-01-16,V037,D009,R015,Chennai,Surat,539,558,109.15,12.69,1.25,16.35,No,Stormy,Light,Weather Delay
2024-02-12,V022,D070,R012,Chennai,Jaipur,1143,1160,147.2,28.27,2.05,9.54,No,Stormy,Light,Vehicle Breakdown
2024-04-08,V036,D081,R014,Hyderabad,Jaipur,1336,1366,184.41,32.65,0.15,11.36,Yes,Foggy,Heavy,Traffic Jam
2024-03-10,V006,D066,R014,Delhi,Pune,652,671,90.78,11.99,0.09,12.65,Yes,Foggy,Light,Smooth Delivery
2024-04-04,V004,D027,R011,Delhi,Lucknow,538,566,71.13,9.99,1.87,11.39,No,Clear,Light,Late Departure
2024-03-27,V023,D005,R014,Kolkata,Jaipur,1445,1407,228.69,30.94,1.94,13.44,No,Stormy,Moderate,Traffic Jam
2024-04-10,V024,D050,R011,Kolkata,Pune,988,1044,166.04,19.94,0.23,4.93,Yes,Rainy,Moderate,Traffic Jam
2024-01-21,V008,D039,R016,Mumbai,Pune,1049,1022,133.2,28.72,2.43,6.2,No,Clear,Light,Smooth Delivery
2024-02-02,V010,D054,R016,Kolkata,Ahmedabad,1375,1402,180.95,29.43,0.35,7.11,Yes,Foggy,Light,Traffic Jam
2024-03-23,V006,D098,R006,Bangalore,Pune,489,532,84.69,10.46,0.92,8.81,Yes,Stormy,Heavy,Traffic Jam
2024-02-07,V008,D099,R016,Chennai,Nagpur,502,493,69.84,10.17,0.48,16.2,Yes,Stormy,Light,Traffic Jam
2024-02-18,V001,D095,R014,Mumbai,Lucknow,1229,1325,170.7,32.15,0.54,17.49,Yes,Stormy,Heavy,Late Departure
2024-02-03,V033,D001,R002,Bangalore,Ahmedabad,448,438,87.42,8.55,0.59,9.46,Yes,Foggy,Moderate,Vehicle Breakdown
2024-01-22,V022,D092,R006,Bangalore,Indore,432,439,58.19,10.35,3.34,13.1,No,Stormy,Light,Traffic Jam
2024-04-18,V022,D085,R001,Bangalore,Pune,1498,1541,257.83,37.57,1.47,10.04,No,Foggy,Light,Late Departure
2024-04-26,V024,D062,R006,Chennai,Jaipur,1101,1196,184.71,24.34,0.81,16.21,Yes,Rainy,Light,Late Departure
2024-04-15,V041,D073,R009,Bangalore,Lucknow,1135,1150,198.0,21.73,1.36,12.65,No,Clear,Heavy,Late Departure
2024-04-07,V045,D098,R007,Hyderabad,Indore,625,651,90.97,15.15,0.05,16.59,Yes,Foggy,Heavy,Weather Delay
2024-02-19,V047,D054,R002,Bangalore,Ahmedabad,1480,1434,200.13,40.39,0.71,3.13,Yes,Rainy,Moderate,Smooth Delivery
2024-01-28,V030,D061,R007,Bangalore,Surat,451,463,66.53,11.74,0.7,18.74,Yes,Stormy,Heavy,Late Departure
2024-02-25,V034,D043,R005,Chennai,Pune,1496,1520,205.19,27.94,5.49,18.17,No,Rainy,Moderate,Weather Delay
2024-02-05,V010,D076,R019,Delhi,Nagpur,529,527,66.81,10.32,2.72,2.27,No,Rainy,Moderate,Weather Delay
2024-03-15,V031,D081,R013,Delhi,Surat,1135,1240,169.07,22.54,0.13,6.19,Yes,Clear,Moderate,Late Departure
2024-02-29,V017,D015,R015,Delhi,Lucknow,535,585,89.97,12.45,2.75,3.57,No,Rainy,Heavy,Late Departure
2024-03-02,V043,D088,R020,Hyderabad,Surat,439,444,72.46,10.45,0.55,5.78,Yes,Clear,Light,Weather Delay
2024-04-19,V028,D075,R012,Bangalore,Nagpur,1090,1063,153.59,20.42,1.07,7.36,No,Clear,Moderate,Traffic Jam
2024-04-15,V050,D039,R018,Bangalore,Ahmedabad,999,972,129.77,18.35,0.64,7.24,Yes,Rainy,Moderate,Late Departure
2024-04-04,V006,D006,R005,Kolkata,Pune,784,815,111.25,17.77,1.49,14.9,No,Foggy,Moderate,Traffic Jam
2024-03-21,V018,D034,R016,Bangalore,Lucknow,979,1071,194.9,17.82,0.75,15.02,Yes,Foggy,Moderate,Traffic Jam
2024-04-25,V011,D075,R003,Delhi,Jaipur,726,752,116.41,14.83,0.76,4.27,Yes,Foggy,Moderate,Vehicle Breakdown
2024-02-23,V026,D004,R002,Bangalore,Jaipur,672,687,104.63,17.21,4.11,6.09,No,Rainy,Light,Late Departure
2024-01-09,V022,D028,R009,Kolkata,Pune,1480,1496,273.75,32.37,0.55,10.81,Yes,Stormy,Heavy,Traffic Jam
2024-02-26,V033,D009,R008,Kolkata,Pune,821,807,156.36,16.23,1.54,8.13,No,Clear,Heavy,Traffic Jam
2024-02-09,V023,D024,R005,Bangalore,Indore,679,649,85.43,17.68,4.0,10.61,No,Stormy,Heavy,Traffic Jam
2024-01-27,V017,D044,R005,Hyderabad,Surat,1294,1295,179.23,24.63,0.69,9.33,Yes,Rainy,Heavy,Smooth Delivery
2024-02-07,V046,D003,R012,Hyderabad,Surat,470,477,61.41,9.62,0.43,5.33,Yes,Clear,Light,Weather Delay
2024-04-09,V020,D011,R003,Kolkata,Nagpur,1119,1101,190.13,28.25,1.61,4.09,No,Rainy,Light,Smooth Delivery
2024-03-17,V002,D049,R020,Hyderabad,Surat,779,785,114.18,19.09,0.1,3.47,Yes,Stormy,Heavy,Late Departure
2024-04-02,V016,D038,R005,Chennai,Indore,955,925,123.21,19.83,0.1,9.04,Yes,Rainy,Heavy,Vehicle Breakdown
2024-04-19,V009,D049,R008,Kolkata,Ahmedabad,1010,1001,148.65,22.22,0.98,7.66,Yes,Stormy,Light,Traffic Jam
2024-02-01,V049,D100,R007,Bangalore,Lucknow,547,530,73.33,10.4,4.33,3.06,No,Clear,Moderate,Traffic Jam
2024-01-04,V018,D052,R012,Chennai,Lucknow,1135,1204,167.7,21.04,0.44,15.36,Yes,Clear,Light,Weather Delay
2024-04-04,V048,D007,R018,Hyderabad,Ahmedabad,475,455,66.0,11.3,2.2,17.54,No,Rainy,Light,Late Departure
2024-01-07,V027,D065,R007,Delhi,Indore,870,874,132.89,23.29,0.81,8.49,Yes,Stormy,Moderate,Smooth Delivery
2024-01-22,V039,D028,R007,Kolkata,Lucknow,621,607,79.0,16.36,1.51,18.02,No,Clear,Heavy,Late Departure
2024-04-20,V003,D091,R008,Delhi,Lucknow,1317,1431,193.91,34.19,2.55,6.98,No,Rainy,Light,Late Departure
2024-02-29,V004,D094,R008,Delhi,Pune,962,1047,146.9,18.97,0.13,12.49,Yes,Foggy,Light,Smooth Delivery
2024-04-08,V026,D029,R014,Kolkata,Indore,1007,1080,142.39,28.31,4.2,2.78,No,Rainy,Light,Traffic Jam
2024-03-11,V008,D051,R019,Kolkata,Lucknow,1026,1069,150.99,27.62,0.07,16.13,Yes,Clear,Heavy,Traffic Jam
2024-03-26,V037,D036,R006,Chennai,Nagpur,604,608,114.26,12.02,2.84,12.57,No,Foggy,Heavy,Late Departure
2024-02-29,V008,D074,R020,Chennai,Ahmedabad,350,340,67.38,7.14,1.2,13.71,No,Stormy,Light,Traffic Jam
2024-03-15,V037,D100,R014,Chennai,Indore,1428,1530,242.75,38.09,4.22,11.81,No,Clear,Heavy,Late Departure
2024-04-07,V046,D031,R004,Mumbai,Indore,1236,1288,165.12,23.05,1.27,7.36,No,Clear,Light,Weather Delay
2024-03-13,V016,D083,R013,Chennai,Surat,885,973,138.16,20.5,1.23,9.49,No,Stormy,Light,Vehicle Breakdown
2024-03-01,V037,D095,R005,Kolkata,Surat,983,1064,165.03,19.1,2.75,16.84,No,Foggy,Moderate,Late Departure
2024-04-28,V047,D057,R002,Delhi,Indore,1147,1213,160.35,26.83,0.18,17.16,Yes,Rainy,Heavy,Late Departure
2024-03-13,V044,D038,R020,Bangalore,Surat,1340,1373,255.1,35.92,0.26,15.52,Yes,Clear,Light,Weather Delay
2024-01-21,V040,D087,R017,Kolkata,Ahmedabad,905,956,170.37,17.42,0.5,16.27,Yes,Foggy,Light,Weather Delay
2024-03-20,V036,D059,R011,Hyderabad,Nagpur,421,430,59.77,9.88,0.64,17.14,Yes,Stormy,Moderate,Weather Delay
2024-03-30,V003,D074,R016,Chennai,Jaipur,426,406,51.24,8.88,0.85,13.3,Yes,Foggy,Light,Traffic Jam
2024-04-18,V031,D067,R005,Mumbai,Nagpur,746,722,110.36,13.64,0.4,15.0,Yes,Foggy,Heavy,Late Departure
2024-01-04,V046,D035,R004,Delhi,Jaipur,787,798,114.7,20.13,0.95,19.64,Yes,Clear,Heavy,Late Departure
2024-01-05,V023,D079,R009,Bangalore,Pune,491,480,69.47,10.56,1.25,13.07,No,Foggy,Heavy,Weather Delay
2024-03-25,V042,D014,R003,Mumbai,Jaipur,1294,1326,262.53,24.41,2.63,5.14,No,Stormy,Heavy,Weather Delay
2024-02-04,V034,D025,R020,Hyderabad,Nagpur,1499,1516,207.34,27.45,4.53,18.19,No,Stormy,Light,Traffic Jam
2024-02-07,V010,D031,R011,Hyderabad,Surat,1370,1334,172.28,26.06,0.71,9.1,Yes,Rainy,Heavy,Late Departure
2024-04-08,V045,D014,R018,Hyderabad,Jaipur,712,725,104.04,17.7,0.03,4.54,Yes,Stormy,Moderate,Smooth Delivery
2024-04-23,V021,D035,R007,Mumbai,Surat,1496,1519,259.84,29.75,0.17,18.51,Yes,Clear,Light,Smooth Delivery
2024-03-04,V022,D099,R019,Kolkata,Surat,848,919,118.94,17.03,0.17,9.89,Yes,Rainy,Moderate,Vehicle Breakdown
2024-02-28,V044,D046,R004,Kolkata,Jaipur,1181,1145,143.79,28.35,1.32,16.03,No,Foggy,Light,Smooth Delivery
2024-01-12,V019,D030,R017,Bangalore,Surat,478,520,71.56,9.86,0.94,12.9,Yes,Clear,Light,Smooth Delivery
2024-03-21,V049,D066,R011,Chennai,Surat,690,665,86.91,15.04,0.06,18.56,Yes,Stormy,Light,Late Departure
2024-04-16,V011,D001,R010,Delhi,Nagpur,821,840,110.44,15.75,2.54,3.11,No,Rainy,Heavy,Traffic Jam
2024-03-13,V038,D024,R004,Mumbai,Indore,814,803,105.29,15.36,0.92,9.92,Yes,Foggy,Moderate,Traffic Jam
2024-02-10,V005,D096,R012,Mumbai,Jaipur,1284,1253,158.5,32.7,0.32,13.89,Yes,Clear,Heavy,Traffic Jam
2024-03-09,V049,D042,R007,Delhi,Pune,555,547,69.98,15.76,0.01,11.09,Yes,Rainy,Moderate,Late Departure
2024-01-30,V003,D003,R007,Mumbai,Lucknow,374,382,69.58,8.33,0.8,18.03,Yes,Clear,Light,Smooth Delivery
2024-01-24,V009,D055,R001,Bangalore,Surat,497,472,59.53,10.47,0.25,2.84,Yes,Clear,Moderate,Late Departure
2024-03-19,V005,D002,R011,Mumbai,Indore,351,361,63.28,8.56,0.42,13.7,Yes,Stormy,Moderate,Traffic Jam
2024-01-05,V050,D086,R013,Chennai,Lucknow,457,472,90.18,10.04,2.35,3.46,No,Rainy,Light,Vehicle Breakdown
2024-03-04,V003,D039,R014,Delhi,Nagpur,352,381,56.57,6.52,0.24,19.88,Yes,Stormy,Light,Weather Delay
2024-04-28,V048,D069,R013,Kolkata,Jaipur,424,443,66.09,9.36,0.04,18.91,Yes,Stormy,Light,Weather Delay
2024-02-08,V005,D046,R002,Chennai,Surat,1078,1128,213.84,30.44,0.08,12.97,Yes,Foggy,Light,Late Departure
2024-03-05,V019,D042,R019,Chennai,Indore,1303,1357,208.8,31.68,1.14,11.29,No,Clear,Moderate,Vehicle Breakdown
2024-01-20,V028,D045,R002,Chennai,Surat,1417,1350,230.87,39.29,3.46,15.05,No,Clear,Light,Late Departure
2024-01-31,V028,D046,R014,Hyderabad,Surat,1313,1443,244.31,24.98,1.39,10.16,No,Clear,Moderate,Late Departure
2024-04-08,V038,D044,R020,Chennai,Ahmedabad,378,371,51.42,7.12,0.4,5.16,Yes,Foggy,Light,Traffic Jam
2024-02-01,V022,D033,R005,Chennai,Lucknow,949,1000,126.09,18.98,0.5,9.56,Yes,Clear,Light,Weather Delay
2024-04-19,V028,D064,R003,Delhi,Pune,560,564,74.64,11.11,1.33,6.95,No,Foggy,Heavy,Late Departure
2024-02-24,V033,D086,R014,Delhi,Indore,856,933,134.05,15.73,1.3,16.78,No,Rainy,Moderate,Weather Delay
2024-04-25,V030,D057,R015,Bangalore,Pune,1205,1291,214.74,22.2,0.03,15.84,Yes,Rainy,Moderate,Weather Delay
2024-03-29,V029,D002,R009,Bangalore,Jaipur,608,665,110.53,12.68,1.24,15.71,No,Stormy,Moderate,Smooth Delivery
2024-02-23,V045,D030,R008,Mumbai,Indore,1042,1125,165.22,20.3,0.56,6.11,Yes,Rainy,Light,Weather Delay
2024-04-21,V041,D054,R001,Mumbai,Surat,491,498,70.81,12.67,1.71,9.09,No,Stormy,Moderate,Smooth Delivery
2024-02-06,V024,D065,R018,Delhi,Lucknow,983,1051,205.65,20.33,1.57,18.94,No,Clear,Moderate,Weather Delay
2024-02-23,V003,D050,R020,Kolkata,Indore,563,595,80.53,10.6,1.69,7.22,No,Foggy,Heavy,Weather Delay
2024-03-09,V032,D025,R008,Hyderabad,Surat,600,648,89.47,13.8,1.86,17.62,No,Rainy,Moderate,Vehicle Breakdown
2024-01-21,V022,D061,R014,Mumbai,Nagpur,703,770,98.0,16.94,0.82,3.97,Yes,Stormy,Moderate,Weather Delay
2024-03-20,V039,D019,R004,Mumbai,Lucknow,1228,1212,158.49,29.09,1.45,13.99,No,Foggy,Heavy,Weather Delay
2024-01-08,V008,D007,R002,Chennai,Surat,1116,1191,214.66,27.16,0.89,8.57,Yes,Rainy,Light,Late Departure
2024-01-18,V023,D039,R018,Kolkata,Jaipur,552,605,80.61,12.38,3.17,8.26,No,Stormy,Moderate,Weather Delay
2024-02-01,V049,D076,R010,Hyderabad,Ahmedabad,1155,1233,217.42,22.9,0.91,3.93,Yes,Rainy,Light,Traffic Jam
2024-02-25,V009,D044,R004,Bangalore,Surat,865,857,138.07,17.3,0.11,13.87,Yes,Stormy,Moderate,Smooth Delivery
2024-03-20,V008,D054,R014,Hyderabad,Ahmedabad,967,1022,146.8,19.26,0.29,12.57,Yes,Rainy,Heavy,Vehicle Breakdown
2024-02-28,V043,D055,R008,Hyderabad,Nagpur,643,701,102.6,13.62,2.0,8.0,No,Stormy,Heavy,Smooth Delivery
2024-01-21,V005,D072,R003,Chennai,Jaipur,637,672,86.72,18.09,3.06,5.94,No,Rainy,Heavy,Smooth Delivery
2024-02-05,V027,D018,R020,Chennai,Lucknow,682,694,91.83,13.25,3.34,18.93,No,Rainy,Moderate,Late Departure
2024-03-28,V024,D075,R012,Bangalore,Surat,1154,1173,168.31,26.96,0.65,9.77,Yes,Clear,Moderate,Weather Delay
2024-04-10,V047,D040,R009,Mumbai,Ahmedabad,445,472,72.57,8.68,2.05,2.37,No,Foggy,Light,Late Departure
2024-02-22,V008,D068,R011,Kolkata,Nagpur,652,681,107.93,14.77,2.56,11.86,No,Rainy,Light,Weather Delay
2024-03-29,V033,D013,R014,Bangalore,Nagpur,557,603,84.47,12.09,2.11,2.69,No,Clear,Heavy,Traffic Jam
2024-01-14,V039,D071,R008,Kolkata,Ahmedabad,348,332,63.24,7.95,0.4,19.72,Yes,Foggy,Heavy,Weather Delay
2024-01-30,V017,D066,R015,Hyderabad,Surat,1452,1497,214.25,35.78,0.58,8.04,Yes,Clear,Heavy,Weather Delay
2024-04-16,V015,D022,R007,Bangalore,Indore,960,1012,157.6,21.17,1.34,15.84,No,Clear,Moderate,Late Departure
2024-02-19,V020,D031,R008,Kolkata,Lucknow,1372,1321,180.2,29.66,1.66,7.9,No,Rainy,Light,Smooth Delivery
2024-02-28,V037,D013,R009,Mumbai,Pune,728,736,129.27,13.34,1.03,19.93,No,Rainy,Light,Late Departure
2024-03-11,V027,D044,R020,Delhi,Nagpur,468,478,84.46,10.37,0.06,18.29,Yes,Clear,Heavy,Vehicle Breakdown
2024-04-03,V008,D093,R005,Delhi,Ahmedabad,497,533,74.26,10.53,1.3,19.94,No,Stormy,Heavy,Late Departure
2024-02-11,V025,D036,R012,Chennai,Lucknow,353,350,47.69,7.57,5.59,16.9,No,Stormy,Moderate,Smooth Delivery
2024-02-07,V007,D026,R019,Kolkata,Surat,1316,1447,213.9,33.67,1.05,14.8,No,Foggy,Heavy,Smooth Delivery
2024-02-07,V002,D020,R013,Bangalore,Ahmedabad,1279,1363,272.52,28.36,0.4,17.75,Yes,Clear,Light,Smooth Delivery
2024-01-10,V036,D084,R011,Chennai,Surat,1457,1417,202.45,36.13,0.66,18.93,Yes,Rainy,Heavy,Smooth Delivery
2024-01-11,V025,D098,R005,Kolkata,Indore,1014,999,189.03,27.87,1.05,13.55,No,Rainy,Heavy,Smooth Delivery
2024-01-24,V001,D016,R017,Mumbai,Nagpur,1178,1176,166.32,32.52,2.92,16.7,No,Rainy,Heavy,Traffic Jam
2024-01-16,V037,D077,R009,Bangalore,Nagpur,981,1076,137.78,23.29,0.76,15.43,Yes,Rainy,Heavy,Traffic Jam
2024-01-17,V040,D097,R001,Kolkata,Nagpur,965,936,157.52,25.82,0.91,11.94,Yes,Rainy,Light,Vehicle Breakdown
2024-04-30,V045,D038,R004,Delhi,Lucknow,1421,1394,274.42,28.77,0.03,19.52,Yes,Foggy,Light,Weather Delay
2024-02-28,V050,D051,R013,Kolkata,Pune,914,898,128.44,20.92,0.09,10.5,Yes,Rainy,Light,Traffic Jam
2024-04-26,V018,D039,R012,Hyderabad,Jaipur,1347,1384,182.97,27.13,0.12,5.76,Yes,Rainy,Moderate,Traffic Jam
2024-04-13,V002,D051,R005,Mumbai,Ahmedabad,1179,1175,219.66,26.71,6.23,11.26,No,Clear,Moderate,Late Departure
2024-02-16,V030,D047,R012,Delhi,Nagpur,581,616,87.39,11.17,0.36,15.57,Yes,Rainy,Light,Late Departure
2024-01-26,V016,D012,R004,Bangalore,Ahmedabad,1102,1192,216.16,26.28,5.26,16.05,No,Foggy,Light,Weather Delay
2024-03-05,V001,D085,R018,Chennai,Surat,888,881,131.65,20.61,1.01,8.39,No,Rainy,Heavy,Smooth Delivery
2024-04-25,V026,D098,R017,Delhi,Surat,805,798,113.61,15.92,3.11,4.8,No,Stormy,Light,Smooth Delivery
2024-02-27,V006,D011,R014,Chennai,Pune,827,887,153.88,18.99,3.48,10.18,No,Foggy,Moderate,Smooth Delivery
2024-01-21,V049,D061,R015,Mumbai,Pune,800,783,142.89,17.99,2.16,19.95,No,Foggy,Heavy,Traffic Jam
2024-02-01,V011,D027,R008,Delhi,Indore,1128,1204,157.78,22.58,3.39,3.37,No,Rainy,Light,Late Departure
2024-01-03,V034,D096,R001,Bangalore,Nagpur,492,536,86.6,9.21,0.12,14.87,Yes,Clear,Moderate,Weather Delay
2024-01-15,V045,D001,R015,Chennai,Ahmedabad,1271,1347,168.57,25.23,0.72,12.03,Yes,Rainy,Heavy,Weather Delay
2024-04-24,V045,D097,R017,Chennai,Nagpur,689,692,123.84,17.24,0.38,11.88,Yes,Rainy,Moderate,Late Departure
2024-04-15,V038,D075,R006,Mumbai,Pune,1393,1512,195.39,38.59,0.12,6.41,Yes,Foggy,Moderate,Late Departure
2024-01-31,V003,D090,R005,Delhi,Pune,838,828,156.68,19.59,1.33,12.41,No,Rainy,Moderate,Smooth Delivery
2024-04-26,V021,D037,R001,Chennai,Lucknow,886,913,151.76,18.03,2.63,8.23,No,Clear,Light,Late Departure
2024-04-13,V043,D046,R009,Hyderabad,Surat,1175,1131,192.05,31.13,0.94,4.81,Yes,Rainy,Moderate,Smooth Delivery
2024-02-11,V026,D034,R005,Bangalore,Nagpur,697,710,125.38,14.0,0.04,11.99,Yes,Foggy,Light,Late Departure
2024-02-14,V043,D051,R005,Hyderabad,Indore,437,426,85.15,8.34,1.67,3.78,No,Rainy,Heavy,Traffic Jam
2024-04-04,V027,D060,R009,Delhi,Indore,1465,1537,224.87,32.95,0.82,17.97,Yes,Rainy,Heavy,Late Departure
2024-04-19,V030,D098,R010,Chennai,Nagpur,1296,1278,206.3,31.17,2.21,18.5,No,Clear,Moderate,Traffic Jam
2024-04-11,V010,D086,R002,Kolkata,Jaipur,1027,1106,149.6,18.76,1.79,15.52,No,Stormy,Heavy,Smooth Delivery
2024-02-27,V003,D059,R005,Bangalore,Surat,300,329,65.53,6.29,2.01,18.52,No,Foggy,Moderate,Vehicle Breakdown
2024-03-26,V026,D055,R004,Mumbai,Surat,660,714,94.87,12.24,1.16,2.12,No,Clear,Moderate,Smooth Delivery
2024-02-18,V024,D029,R007,Mumbai,Jaipur,354,336,50.65,8.1,0.9,9.21,Yes,Clear,Heavy,Vehicle Breakdown
2024-04-20,V050,D018,R003,Chennai,Pune,532,578,95.1,10.21,3.5,10.99,No,Foggy,Moderate,Smooth Delivery
2024-01-28,V033,D037,R002,Bangalore,Pune,508,516,70.85,10.33,0.6,3.85,Yes,Clear,Moderate,Traffic Jam
2024-03-14,V042,D053,R020,Delhi,Indore,1164,1152,213.61,28.46,0.46,13.48,Yes,Foggy,Moderate,Late Departure
2024-02-26,V041,D079,R008,Kolkata,Nagpur,1350,1475,209.01,25.22,2.3,15.1,No,Rainy,Heavy,Late Departure
2024-03-31,V048,D033,R017,Hyderabad,Indore,1095,1108,185.46,21.09,3.54,10.13,No,Foggy,Heavy,Late Departure
2024-03-07,V020,D093,R018,Hyderabad,Indore,627,596,80.79,15.4,0.01,16.49,Yes,Foggy,Moderate,Smooth Delivery
2024-01-29,V036,D019,R003,Mumbai,Jaipur,838,861,122.03,15.72,1.17,11.06,No,Foggy,Moderate,Traffic Jam
2024-02-19,V031,D052,R008,Chennai,Jaipur,1396,1387,234.47,27.41,0.89,4.94,Yes,Stormy,Heavy,Traffic Jam
2024-03-11,V047,D025,R013,Bangalore,Nagpur,528,509,79.3,11.92,1.59,10.48,No,Clear,Light,Late Departure
2024-04-21,V022,D085,R012,Kolkata,Nagpur,685,665,101.94,12.89,0.26,14.42,Yes,Rainy,Moderate,Weather Delay
2024-04-01,V025,D096,R014,Bangalore,Jaipur,1095,1137,156.92,28.81,4.26,13.18,No,Rainy,Heavy,Traffic Jam
2024-01-20,V028,D017,R003,Delhi,Lucknow,329,354,61.67,6.61,2.28,9.15,No,Clear,Heavy,Weather Delay
2024-03-25,V010,D059,R003,Hyderabad,Surat,683,688,98.66,18.53,2.0,2.77,No,Foggy,Moderate,Weather Delay
2024-03-08,V031,D030,R002,Kolkata,Lucknow,366,358,51.2,9.9,5.35,17.63,No,Stormy,Moderate,Traffic Jam
2024-02-24,V014,D005,R017,Mumbai,Surat,480,501,67.18,9.1,0.45,17.29,Yes,Stormy,Light,Weather Delay
2024-03-19,V046,D100,R018,Mumbai,Lucknow,1435,1405,225.16,31.08,1.88,2.54,No,Rainy,Moderate,Smooth Delivery
2024-04-12,V012,D049,R014,Chennai,Lucknow,1164,1156,169.36,27.62,2.24,13.73,No,Rainy,Light,Vehicle Breakdown
2024-04-11,V016,D081,R013,Kolkata,Ahmedabad,505,497,91.4,10.61,0.9,5.04,Yes,Stormy,Moderate,Traffic Jam
2024-03-10,V006,D014,R002,Bangalore,Lucknow,413,412,69.72,11.11,1.19,15.75,No,Rainy,Heavy,Smooth Delivery
2024-02-29,V019,D017,R018,Kolkata,Surat,895,927,123.95,23.83,0.86,12.97,Yes,Clear,Light,Weather Delay
2024-01-02,V004,D092,R002,Hyderabad,Ahmedabad,835,877,123.74,16.84,1.58,3.7,No,Stormy,Light,Weather Delay
2024-01-21,V031,D037,R020,Chennai,Jaipur,1033,1089,151.79,18.83,1.77,14.36,No,Clear,Heavy,Weather Delay
2024-04-30,V033,D075,R003,Mumbai,Nagpur,998,1025,134.8,18.17,2.26,13.03,No,Rainy,Light,Traffic Jam
2024-01-27,V012,D071,R013,Hyderabad,Lucknow,571,549,76.46,11.61,2.24,4.24,No,Rainy,Heavy,Weather Delay
2024-03-19,V050,D048,R002,Mumbai,Indore,868,909,154.4,17.29,0.41,14.31,Yes,Foggy,Heavy,Traffic Jam
2024-03-06,V042,D078,R015,Chennai,Indore,722,717,142.63,15.15,0.18,13.87,Yes,Rainy,Moderate,Smooth Delivery
2024-01-30,V013,D014,R010,Kolkata,Lucknow,512,557,70.44,12.89,2.49,8.36,No,Clear,Heavy,Weather Delay
2024-02-08,V027,D003,R013,Mumbai,Surat,1432,1553,210.93,39.26,0.78,8.07,Yes,Stormy,Heavy,Late Departure
2024-01-10,V021,D063,R006,Mumbai,Pune,454,484,77.68,9.32,1.38,19.56,No,Rainy,Moderate,Weather Delay
2024-03-13,V033,D033,R016,Mumbai,Lucknow,1355,1477,235.08,27.39,2.65,18.18,No,Clear,Heavy,Vehicle Breakdown
2024-01-07,V010,D011,R005,Chennai,Pune,1229,1180,199.79,29.68,0.85,5.05,Yes,Rainy,Light,Smooth Delivery
2024-02-02,V012,D055,R009,Mumbai,Pune,446,456,65.24,9.92,1.64,3.2,No,Clear,Heavy,Late Departure
2024-04-12,V036,D061,R002,Bangalore,Lucknow,533,576,73.68,11.25,3.2,4.37,No,Stormy,Heavy,Late Departure
2024-02-03,V045,D040,R009,Hyderabad,Jaipur,646,690,128.79,14.97,0.59,12.54,Yes,Stormy,Heavy,Late Departure
2024-01-04,V032,D098,R015,Chennai,Ahmedabad,516,513,74.22,12.18,2.96,13.41,No,Foggy,Light,Weather Delay
2024-04-08,V027,D064,R014,Bangalore,Surat,1110,1090,181.41,21.37,0.73,11.64,Yes,Foggy,Light,Late Departure
2024-01-14,V028,D063,R018,Chennai,Indore,376,393,65.03,9.2,0.97,5.87,Yes,Stormy,Heavy,Vehicle Breakdown
2024-04-06,V026,D085,R007,Delhi,Indore,1409,1398,269.56,34.3,0.58,19.31,Yes,Stormy,Moderate,Weather Delay
2024-04-05,V008,D095,R011,Delhi,Pune,822,853,115.86,22.89,0.17,16.66,Yes,Clear,Light,Late Departure
2024-02-29,V031,D020,R008,Bangalore,Surat,1275,1330,238.65,29.59,1.16,17.18,No,Stormy,Light,Weather Delay
2024-04-09,V031,D064,R001,Bangalore,Ahmedabad,396,379,55.82,8.03,5.72,16.53,No,Clear,Light,Traffic Jam
2024-02-28,V019,D085,R013,Hyderabad,Nagpur,1274,1263,177.17,25.35,1.96,16.76,No,Foggy,Moderate,Late Departure
2024-01-27,V047,D064,R010,Mumbai,Jaipur,1286,1396,263.63,34.67,2.39,6.54,No,Foggy,Heavy,Late Departure
2024-04-16,V048,D005,R013,Chennai,Indore,905,867,139.76,17.61,0.2,14.09,Yes,Clear,Heavy,Weather Delay
2024-04-24,V009,D081,R003,Kolkata,Surat,869,826,154.99,20.68,0.13,17.23,Yes,Rainy,Moderate,Traffic Jam
2024-03-06,V015,D004,R006,Bangalore,Ahmedabad,830,896,123.3,20.83,1.11,5.32,No,Rainy,Heavy,Late Departure
2024-02-03,V035,D063,R006,Mumbai,Nagpur,647,641,97.89,13.02,0.15,7.34,Yes,Clear,Moderate,Traffic Jam
2024-02-09,V029,D033,R019,Delhi,Ahmedabad,1264,1376,218.85,23.5,7.13,11.48,No,Clear,Moderate,Traffic Jam
2024-02-20,V034,D072,R005,Kolkata,Pune,1462,1452,196.95,38.29,0.44,16.13,Yes,Rainy,Heavy,Vehicle Breakdown
2024-01-27,V024,D024,R006,Kolkata,Pune,627,636,113.48,13.06,1.98,4.25,No,Rainy,Heavy,Traffic Jam
2024-02-05,V040,D008,R004,Hyderabad,Ahmedabad,373,369,65.15,8.76,2.16,14.85,No,Foggy,Light,Weather Delay
2024-01-29,V031,D083,R006,Chennai,Surat,1063,1115,222.16,28.09,0.38,6.9,Yes,Clear,Heavy,Traffic Jam
2024-02-21,V023,D014,R013,Delhi,Indore,867,842,135.13,23.75,2.08,16.18,No,Foggy,Heavy,Smooth Delivery
2024-03-09,V019,D090,R013,Hyderabad,Nagpur,653,676,128.29,12.37,5.06,5.64,No,Rainy,Light,Traffic Jam
2024-02-16,V018,D100,R003,Hyderabad,Nagpur,1189,1255,166.76,25.96,0.59,10.61,Yes,Rainy,Moderate,Late Departure
2024-03-08,V047,D071,R003,Bangalore,Nagpur,1384,1421,229.12,25.82,2.04,6.34,No,Clear,Heavy,Weather Delay
2024-04-04,V027,D027,R003,Mumbai,Indore,891,924,130.77,23.57,0.67,18.3,Yes,Foggy,Light,Late Departure
2024-03-05,V010,D022,R011,Chennai,Ahmedabad,1383,1431,253.23,36.92,1.1,11.86,No,Rainy,Light,Traffic Jam
2024-04-29,V012,D079,R005,Mumbai,Indore,939,939,136.26,25.82,0.24,11.83,Yes,Stormy,Light,Late Departure
2024-03-11,V023,D097,R005,Hyderabad,Jaipur,895,858,112.26,23.65,1.68,9.04,No,Foggy,Moderate,Late Departure
2024-01-14,V030,D038,R018,Kolkata,Lucknow,1027,1037,142.16,22.83,1.94,11.09,No,Clear,Moderate,Weather Delay
2024-02-03,V043,D033,R015,Bangalore,Pune,689,715,98.19,14.61,1.43,16.21,No,Stormy,Moderate,Late Departure
2024-04-25,V024,D001,R016,Kolkata,Pune,1184,1293,210.92,25.44,0.14,8.46,Yes,Stormy,Heavy,Vehicle Breakdown
2024-01-05,V018,D001,R014,Kolkata,Surat,1328,1343,178.93,29.34,1.97,2.34,No,Rainy,Heavy,Vehicle Breakdown
2024-01-05,V015,D079,R012,Mumbai,Ahmedabad,307,313,40.63,7.77,0.05,9.8,Yes,Stormy,Moderate,Vehicle Breakdown
2024-01-24,V014,D040,R010,Mumbai,Surat,985,1039,163.28,22.29,1.66,6.58,No,Stormy,Heavy,Traffic Jam
2024-02-29,V022,D059,R007,Mumbai,Jaipur,901,957,175.3,20.99,1.6,16.91,No,Foggy,Moderate,Weather Delay
2024-03-31,V019,D071,R007,Chennai,Nagpur,1084,1158,161.62,25.7,0.2,5.9,Yes,Stormy,Heavy,Smooth Delivery
2024-03-24,V049,D082,R005,Bangalore,Surat,1042,1125,148.57,19.29,0.12,11.66,Yes,Stormy,Light,Traffic Jam
2024-01-01,V030,D039,R008,Kolkata,Nagpur,338,353,49.5,7.06,2.2,8.47,No,Rainy,Light,Traffic Jam
2024-02-23,V050,D076,R018,Bangalore,Lucknow,567,553,98.51,16.09,0.65,3.65,Yes,Rainy,Light,Smooth Delivery
2024-03-29,V008,D064,R009,Chennai,Pune,1153,1150,167.04,21.8,2.75,6.55,No,Stormy,Moderate,Traffic Jam
2024-04-03,V040,D012,R007,Kolkata,Lucknow,945,916,164.18,17.37,1.2,5.29,No,Stormy,Moderate,Smooth Delivery
2024-04-05,V031,D058,R005,Mumbai,Nagpur,863,928,150.03,16.29,0.45,9.08,Yes,Stormy,Moderate,Smooth Delivery
2024-03-26,V033,D077,R006,Hyderabad,Ahmedabad,314,322,41.94,6.0,1.28,5.99,No,Clear,Light,Traffic Jam
2024-03-14,V040,D021,R016,Chennai,Indore,1019,1029,129.81,21.61,2.28,10.1,No,Foggy,Heavy,Weather Delay
2024-02-03,V025,D085,R013,Chennai,Surat,824,848,134.88,16.8,2.86,11.13,No,Rainy,Light,Weather Delay
2024-04-11,V020,D029,R020,Chennai,Ahmedabad,1397,1427,237.01,36.25,4.2,7.69,No,Rainy,Light,Vehicle Breakdown
2024-01-26,V043,D022,R009,Bangalore,Pune,532,569,79.62,10.47,4.14,13.22,No,Rainy,Heavy,Traffic Jam
2024-03-09,V015,D033,R009,Bangalore,Jaipur,1069,1159,210.61,22.49,2.22,6.89,No,Clear,Light,Traffic Jam
2024-01-29,V034,D053,R005,Delhi,Jaipur,1341,1422,193.85,25.98,0.56,14.27,Yes,Foggy,Moderate,Traffic Jam
2024-04-16,V006,D023,R009,Hyderabad,Nagpur,604,601,83.27,13.65,1.37,9.49,No,Clear,Moderate,Smooth Delivery
2024-03-22,V014,D041,R009,Chennai,Surat,840,818,147.81,22.98,1.44,17.28,No,Stormy,Heavy,Late Departure
2024-03-19,V026,D082,R013,Bangalore,Nagpur,427,406,78.1,9.67,2.01,4.84,No,Clear,Heavy,Smooth Delivery
2024-01-04,V040,D019,R019,Hyderabad,Lucknow,314,311,54.6,7.31,0.38,8.35,Yes,Rainy,Moderate,Weather Delay
2024-03-31,V028,D015,R018,Mumbai,Nagpur,762,807,118.1,20.81,1.52,10.59,No,Stormy,Heavy,Traffic Jam
2024-01-30,V014,D032,R018,Mumbai,Nagpur,1141,1243,211.83,23.04,1.97,5.99,No,Rainy,Heavy,Late Departure
2024-03-11,V028,D030,R008,Bangalore,Surat,407,441,68.12,8.38,0.24,6.64,Yes,Clear,Light,Vehicle Breakdown
2024-04-17,V043,D001,R012,Chennai,Lucknow,1336,1386,232.66,29.69,0.7,13.53,Yes,Rainy,Moderate,Vehicle Breakdown
2024-03-10,V012,D028,R001,Mumbai,Surat,866,885,176.51,18.04,0.82,8.15,Yes,Stormy,Light,Traffic Jam
2024-02-14,V007,D027,R004,Bangalore,Indore,527,508,89.74,13.35,4.11,9.79,No,Rainy,Light,Weather Delay
2024-01-18,V034,D017,R012,Kolkata,Jaipur,1270,1214,224.13,34.72,1.33,5.36,No,Foggy,Light,Vehicle Breakdown
2024-03-31,V005,D038,R003,Kolkata,Surat,790,809,132.4,15.47,0.58,10.25,Yes,Rainy,Light,Weather Delay
2024-01-09,V027,D028,R017,Hyderabad,Pune,885,936,148.57,17.4,1.63,9.39,No,Rainy,Light,Weather Delay
2024-02-15,V024,D083,R014,Chennai,Ahmedabad,1469,1506,190.59,30.46,3.53,5.22,No,Foggy,Heavy,Weather Delay
2024-02-23,V022,D081,R001,Delhi,Indore,674,689,89.18,16.26,5.15,3.75,No,Foggy,Heavy,Weather Delay
2024-02-09,V022,D077,R017,Chennai,Lucknow,1222,1326,209.29,33.5,3.17,6.53,No,Foggy,Moderate,Vehicle Breakdown
2024-03-12,V017,D060,R005,Chennai,Nagpur,750,715,132.23,15.57,5.71,4.01,No,Rainy,Moderate,Smooth Delivery
2024-04-11,V032,D009,R002,Hyderabad,Nagpur,1465,1493,269.4,29.36,0.19,6.32,Yes,Rainy,Light,Smooth Delivery
2024-03-27,V040,D068,R008,Kolkata,Nagpur,391,382,57.38,7.45,1.07,3.05,No,Foggy,Moderate,Weather Delay
2024-04-15,V038,D023,R013,Kolkata,Lucknow,879,909,122.96,23.35,0.11,5.38,Yes,Foggy,Moderate,Late Departure
2024-02-09,V011,D035,R014,Bangalore,Nagpur,1335,1417,209.15,29.14,0.43,7.98,Yes,Stormy,Moderate,Weather Delay
2024-01-27,V035,D087,R003,Mumbai,Nagpur,341,373,65.19,6.43,1.3,4.22,No,Rainy,Heavy,Weather Delay
2024-01-26,V036,D020,R017,Delhi,Jaipur,803,819,104.39,18.51,2.99,6.62,No,Stormy,Light,Late Departure
2024-04-12,V036,D034,R014,Mumbai,Surat,1479,1531,203.28,27.69,1.0,13.51,No,Clear,Heavy,Late Departure
2024-04-07,V034,D046,R002,Hyderabad,Surat,594,564,97.92,14.64,0.15,7.03,Yes,Rainy,Heavy,Traffic Jam
2024-02-20,V044,D064,R010,Bangalore,Surat,653,651,82.34,13.5,0.83,19.78,Yes,Rainy,Light,Traffic Jam
2024-04-30,V038,D054,R010,Hyderabad,Lucknow,1080,1050,163.34,22.53,0.09,14.91,Yes,Stormy,Heavy,Traffic Jam
2024-02-22,V036,D014,R019,Hyderabad,Pune,510,492,90.76,13.35,3.97,14.3,No,Foggy,Light,Traffic Jam
2024-04-28,V016,D015,R018,Mumbai,Pune,1227,1286,192.91,30.03,1.45,9.38,No,Clear,Moderate,Vehicle Breakdown
2024-03-25,V019,D019,R015,Mumbai,Ahmedabad,1021,992,140.34,27.16,0.32,16.72,Yes,Rainy,Light,Weather Delay
2024-01-16,V013,D018,R007,Bangalore,Pune,706,740,107.36,16.28,0.76,14.42,Yes,Rainy,Moderate,Vehicle Breakdown
2024-02-25,V002,D085,R017,Hyderabad,Indore,841,892,136.59,15.46,4.68,9.42,No,Clear,Moderate,Smooth Delivery
2024-04-27,V028,D005,R001,Chennai,Lucknow,803,861,129.87,17.75,0.08,12.33,Yes,Stormy,Moderate,Late Departure
2024-01-25,V020,D003,R020,Hyderabad,Indore,936,1015,138.28,18.45,0.26,8.45,Yes,Stormy,Light,Vehicle Breakdown
2024-02-03,V008,D010,R015,Mumbai,Indore,967,952,160.06,20.76,0.68,12.09,Yes,Rainy,Moderate,Smooth Delivery
2024-04-06,V026,D047,R008,Delhi,Nagpur,352,357,60.92,9.54,3.34,2.2,No,Clear,Light,Weather Delay
2024-01-03,V031,D071,R008,Chennai,Ahmedabad,1422,1351,180.61,25.88,1.95,2.27,No,Rainy,Heavy,Vehicle Breakdown
2024-04-01,V019,D024,R015,Bangalore,Ahmedabad,335,329,41.56,6.55,1.25,6.26,No,Rainy,Light,Weather Delay
2024-01-20,V001,D045,R013,Delhi,Jaipur,566,538,106.27,11.98,0.03,19.89,Yes,Rainy,Light,Late Departure
2024-04-07,V045,D023,R007,Bangalore,Lucknow,1389,1357,190.27,36.46,1.17,3.45,No,Clear,Light,Traffic Jam
2024-04-05,V038,D088,R014,Hyderabad,Ahmedabad,496,528,78.17,13.51,2.83,11.85,No,Stormy,Heavy,Smooth Delivery
2024-01-07,V005,D037,R007,Chennai,Ahmedabad,984,1070,138.07,18.42,0.12,4.18,Yes,Clear,Light,Late Departure
2024-04-12,V045,D042,R009,Chennai,Surat,1042,1144,177.01,26.2,2.2,6.76,No,Foggy,Heavy,Smooth Delivery
2024-04-13,V041,D059,R016,Kolkata,Surat,1459,1545,205.67,28.79,0.48,9.23,Yes,Rainy,Light,Traffic Jam
2024-03-28,V009,D024,R002,Chennai,Pune,731,739,114.15,19.06,0.9,11.19,Yes,Clear,Light,Smooth Delivery
2024-02-13,V013,D020,R016,Delhi,Indore,1123,1156,154.97,24.76,0.39,13.94,Yes,Rainy,Moderate,Vehicle Breakdown
2024-04-30,V027,D057,R009,Mumbai,Indore,307,328,55.05,6.41,0.24,8.15,Yes,Stormy,Light,Smooth Delivery
2024-04-21,V010,D040,R001,Hyderabad,Surat,357,387,50.04,7.68,1.82,17.37,No,Stormy,Light,Vehicle Breakdown
2024-02-25,V007,D003,R013,Delhi,Jaipur,1108,1211,187.18,23.97,0.81,3.3,Yes,Rainy,Moderate,Smooth Delivery
2024-04-18,V032,D090,R006,Hyderabad,Ahmedabad,664,672,91.16,12.99,3.34,2.93,No,Rainy,Moderate,Vehicle Breakdown
2024-01-07,V049,D019,R002,Delhi,Indore,1253,1289,242.19,32.12,3.46,10.94,No,Rainy,Light,Weather Delay
2024-02-04,V030,D016,R004,Delhi,Surat,330,351,67.59,7.61,1.68,4.4,No,Stormy,Light,Traffic Jam
2024-01-19,V022,D084,R017,Delhi,Indore,445,444,85.49,9.27,5.31,16.89,No,Rainy,Heavy,Smooth Delivery
2024-03-05,V025,D095,R001,Kolkata,Lucknow,855,937,124.32,16.41,1.29,11.33,No,Foggy,Heavy,Smooth Delivery
2024-03-07,V008,D043,R005,Hyderabad,Lucknow,788,796,106.78,20.39,0.09,19.06,Yes,Stormy,Moderate,Weather Delay
2024-04-21,V044,D044,R001,Bangalore,Ahmedabad,989,940,118.53,19.95,0.6,14.56,Yes,Rainy,Heavy,Weather Delay
2024-04-10,V005,D041,R017,Kolkata,Nagpur,837,897,156.38,16.6,2.45,6.49,No,Stormy,Moderate,Late Departure
2024-02-10,V002,D078,R012,Delhi,Ahmedabad,693,662,117.95,17.76,0.1,15.07,Yes,Stormy,Moderate,Late Departure
2024-04-26,V021,D057,R011,Bangalore,Nagpur,813,818,106.88,20.3,0.91,13.5,Yes,Rainy,Moderate,Smooth Delivery
2024-01-06,V029,D084,R020,Chennai,Lucknow,1374,1486,226.05,32.35,3.03,7.58,No,Foggy,Light,Weather Delay
2024-01-24,V037,D012,R001,Hyderabad,Ahmedabad,675,649,102.44,13.31,0.05,12.55,Yes,Rainy,Moderate,Weather Delay
2024-01-03,V013,D062,R014,Mumbai,Surat,536,556,71.41,13.16,0.49,9.93,Yes,Clear,Heavy,Vehicle Breakdown
2024-03-10,V017,D044,R007,Delhi,Indore,525,526,72.96,10.98,2.13,16.76,No,Stormy,Moderate,Weather Delay
2024-03-29,V025,D080,R015,Hyderabad,Nagpur,719,782,124.27,13.15,0.36,14.86,Yes,Rainy,Moderate,Smooth Delivery
2024-02-17,V049,D027,R014,Hyderabad,Nagpur,980,1009,135.42,22.0,2.3,18.74,No,Stormy,Heavy,Weather Delay
2024-04-29,V043,D018,R010,Delhi,Pune,392,415,56.63,10.79,0.34,19.54,Yes,Foggy,Heavy,Weather Delay
2024-03-07,V038,D057,R020,Mumbai,Ahmedabad,1242,1309,195.83,29.33,0.07,8.64,Yes,Stormy,Moderate,Weather Delay
2024-03-16,V036,D096,R018,Kolkata,Pune,697,714,126.72,18.12,1.07,12.55,No,Clear,Heavy,Smooth Delivery
2024-01-15,V001,D040,R016,Bangalore,Nagpur,595,586,86.66,11.22,0.96,17.43,Yes,Rainy,Heavy,Smooth Delivery
2024-02-21,V002,D004,R018,Mumbai,Indore,813,885,167.7,22.02,0.97,12.59,Yes,Rainy,Heavy,Traffic Jam
2024-03-29,V027,D080,R013,Mumbai,Ahmedabad,1225,1242,207.71,25.62,0.0,19.43,Yes,Rainy,Heavy,Vehicle Breakdown
2024-03-26,V042,D084,R003,Hyderabad,Lucknow,1353,1332,171.84,36.39,0.41,6.23,Yes,Rainy,Light,Late Departure
2024-04-17,V043,D094,R007,Hyderabad,Surat,473,520,103.71,9.9,3.06,14.1,No,Rainy,Light,Late Departure
2024-02-13,V049,D038,R008,Kolkata,Nagpur,1181,1186,150.6,22.34,0.85,12.32,Yes,Rainy,Light,Smooth Delivery
2024-02-04,V030,D050,R008,Chennai,Indore,724,792,99.65,16.46,2.82,7.44,No,Foggy,Moderate,Smooth Delivery
2024-04-25,V005,D050,R014,Chennai,Nagpur,1346,1353,246.25,34.35,1.6,11.19,No,Clear,Light,Smooth Delivery
2024-03-05,V041,D029,R008,Delhi,Lucknow,1041,1025,165.09,24.52,6.56,17.36,No,Rainy,Light,Late Departure
2024-04-15,V028,D097,R005,Chennai,Indore,1067,1075,138.86,25.49,1.65,19.4,No,Rainy,Moderate,Traffic Jam
2024-04-06,V011,D052,R010,Kolkata,Indore,1046,1054,149.72,25.56,0.46,12.33,Yes,Stormy,Moderate,Vehicle Breakdown
2024-01-05,V044,D096,R005,Delhi,Ahmedabad,810,888,139.64,15.07,3.69,6.57,No,Stormy,Moderate,Traffic Jam
2024-01-02,V044,D043,R014,Mumbai,Indore,1027,1037,149.64,22.64,0.15,19.89,Yes,Stormy,Light,Vehicle Breakdown
2024-02-27,V040,D051,R016,Mumbai,Ahmedabad,1216,1292,204.65,25.67,0.14,10.92,Yes,Clear,Heavy,Traffic Jam
2024-02-25,V033,D064,R007,Chennai,Indore,993,1081,140.58,23.79,1.14,14.55,No,Rainy,Moderate,Smooth Delivery
2024-02-17,V043,D074,R008,Delhi,Jaipur,678,678,130.52,15.03,1.38,2.11,No,Stormy,Heavy,Vehicle Breakdown
2024-03-04,V011,D091,R007,Mumbai,Lucknow,402,387,68.84,9.58,1.17,7.29,No,Rainy,Light,Late Departure
2024-03-17,V006,D080,R016,Mumbai,Nagpur,643,637,83.73,16.97,1.03,19.15,No,Foggy,Heavy,Traffic Jam
2024-04-04,V035,D044,R002,Hyderabad,Ahmedabad,443,462,64.6,10.15,0.03,13.63,Yes,Clear,Heavy,Weather Delay
2024-02-04,V007,D049,R014,Mumbai,Ahmedabad,1268,1324,248.35,28.66,3.7,5.69,No,Rainy,Heavy,Late Departure
2024-02-12,V006,D053,R011,Hyderabad,Nagpur,1444,1471,230.44,28.19,2.61,15.67,No,Stormy,Heavy,Vehicle Breakdown
2024-02-19,V030,D097,R019,Delhi,Jaipur,622,624,119.63,14.81,1.71,14.65,No,Stormy,Heavy,Late Departure
2024-02-19,V005,D023,R018,Bangalore,Surat,840,919,144.48,17.63,1.16,4.71,No,Clear,Moderate,Weather Delay
2024-02-19,V035,D041,R014,Delhi,Ahmedabad,1461,1489,224.43,27.05,0.68,19.64,Yes,Clear,Moderate,Vehicle Breakdown
2024-04-16,V006,D010,R003,Mumbai,Surat,521,537,93.76,13.42,0.23,10.15,Yes,Foggy,Light,Vehicle Breakdown
2024-03-17,V010,D079,R013,Chennai,Indore,1151,1097,173.16,21.02,1.66,15.68,No,Rainy,Heavy,Late Departure
2024-04-06,V022,D083,R008,Delhi,Ahmedabad,1096,1060,165.13,26.91,3.37,5.26,No,Foggy,Moderate,Vehicle Breakdown
2024-04-27,V018,D059,R002,Hyderabad,Surat,1085,1105,163.36,23.96,2.66,6.17,No,Rainy,Light,Late Departure
2024-02-18,V045,D022,R002,Bangalore,Nagpur,326,328,44.47,7.16,0.77,2.53,Yes,Foggy,Heavy,Smooth Delivery
2024-03-29,V046,D088,R001,Hyderabad,Ahmedabad,598,635,80.21,12.61,2.91,11.3,No,Foggy,Light,Vehicle Breakdown
2024-03-18,V023,D006,R019,Mumbai,Ahmedabad,1346,1325,262.72,28.0,1.02,16.08,No,Stormy,Heavy,Vehicle Breakdown
2024-02-19,V037,D039,R017,Bangalore,Ahmedabad,968,1020,128.08,21.41,0.84,7.16,Yes,Foggy,Light,Late Departure
2024-02-01,V040,D077,R016,Delhi,Surat,435,444,58.28,12.13,5.72,19.88,No,Clear,Heavy,Traffic Jam
2024-02-29,V048,D016,R006,Kolkata,Indore,915,951,158.64,23.19,0.49,2.9,Yes,Stormy,Moderate,Traffic Jam
2024-01-16,V009,D006,R008,Mumbai,Ahmedabad,1099,1122,216.94,22.26,0.7,5.59,Yes,Foggy,Moderate,Late Departure
2024-02-07,V015,D035,R020,Chennai,Lucknow,1128,1163,146.82,23.07,1.02,15.98,No,Stormy,Heavy,Weather Delay
2024-04-12,V042,D089,R014,Chennai,Surat,807,855,111.4,20.64,2.94,7.42,No,Clear,Moderate,Vehicle Breakdown
2024-03-16,V008,D029,R012,Delhi,Lucknow,913,996,170.45,17.05,4.98,4.62,No,Foggy,Heavy,Vehicle Breakdown
2024-04-04,V045,D066,R015,Bangalore,Ahmedabad,510,559,106.33,12.95,0.88,19.88,Yes,Stormy,Heavy,Vehicle Breakdown
2024-02-19,V030,D037,R007,Mumbai,Indore,649,664,99.83,13.28,5.18,16.1,No,Clear,Moderate,Vehicle Breakdown
2024-01-03,V023,D079,R010,Hyderabad,Indore,320,314,53.14,8.66,1.55,5.25,No,Foggy,Moderate,Traffic Jam
2024-02-09,V042,D005,R012,Chennai,Ahmedabad,807,797,103.99,19.43,1.25,9.16,No,Rainy,Heavy,Traffic Jam
2024-01-22,V018,D075,R011,Kolkata,Ahmedabad,871,837,137.47,20.18,3.39,7.84,No,Rainy,Heavy,Traffic Jam
2024-01-17,V025,D007,R016,Bangalore,Nagpur,1317,1326,180.44,26.25,2.4,19.17,No,Foggy,Light,Weather Delay
2024-01-04,V033,D091,R006,Kolkata,Indore,1084,1159,186.25,21.08,1.07,7.0,No,Stormy,Heavy,Late Departure
2024-04-07,V040,D098,R006,Kolkata,Pune,1257,1251,220.58,33.17,0.31,3.14,Yes,Foggy,Light,Weather Delay
2024-04-03,V023,D049,R010,Chennai,Indore,467,505,64.8,9.99,2.75,5.3,No,Clear,Moderate,Smooth Delivery
2024-04-03,V013,D050,R016,Bangalore,Surat,810,879,134.83,22.29,0.23,7.56,Yes,Rainy,Heavy,Late Departure
2024-03-03,V007,D020,R013,Chennai,Lucknow,323,308,51.96,8.92,0.4,6.78,Yes,Clear,Light,Late Departure
2024-01-21,V008,D074,R006,Mumbai,Surat,920,1011,177.16,23.13,1.74,17.47,No,Rainy,Heavy,Smooth Delivery
2024-02-14,V009,D072,R019,Delhi,Lucknow,384,387,50.74,9.19,0.33,7.93,Yes,Clear,Heavy,Weather Delay
2024-01-31,V046,D088,R020,Bangalore,Lucknow,1309,1363,223.39,27.01,0.41,14.62,Yes,Foggy,Heavy,Weather Delay
2024-01-29,V042,D067,R020,Bangalore,Pune,508,509,79.94,11.01,1.74,6.3,No,Clear,Heavy,Smooth Delivery
2024-01-27,V037,D079,R001,Hyderabad,Ahmedabad,430,462,64.48,10.84,5.53,13.97,No,Clear,Heavy,Weather Delay
2024-01-30,V042,D038,R012,Mumbai,Jaipur,1461,1487,271.72,31.99,0.27,9.73,Yes,Clear,Moderate,Late Departure
2024-04-07,V003,D088,R004,Delhi,Indore,1260,1274,177.94,32.43,2.59,7.87,No,Clear,Light,Smooth Delivery
2024-03-14,V003,D078,R008,Chennai,Ahmedabad,1098,1116,152.52,23.11,0.55,8.95,Yes,Clear,Heavy,Vehicle Breakdown
2024-03-26,V042,D040,R016,Kolkata,Jaipur,822,818,120.57,19.73,1.94,12.44,No,Rainy,Moderate,Late Departure
2024-04-04,V046,D038,R002,Bangalore,Pune,1194,1160,195.59,30.28,0.74,11.29,Yes,Rainy,Moderate,Vehicle Breakdown
2024-04-14,V014,D046,R008,Kolkata,Nagpur,415,425,58.51,10.7,4.39,8.17,No,Clear,Moderate,Weather Delay
2024-03-26,V011,D047,R011,Mumbai,Lucknow,433,430,60.95,8.47,0.71,15.44,Yes,Clear,Heavy,Vehicle Breakdown
2024-04-22,V003,D044,R001,Kolkata,Nagpur,1165,1261,172.73,32.65,2.63,15.94,No,Rainy,Light,Vehicle Breakdown
2024-01-30,V006,D060,R004,Delhi,Lucknow,630,661,90.8,11.54,0.85,3.21,Yes,Foggy,Heavy,Weather Delay
2024-02-03,V015,D024,R007,Chennai,Jaipur,660,672,130.76,16.14,1.33,7.57,No,Clear,Light,Vehicle Breakdown
2024-03-13,V006,D087,R001,Chennai,Ahmedabad,797,839,112.38,18.36,3.46,3.44,No,Foggy,Moderate,Weather Delay
2024-04-23,V041,D098,R012,Delhi,Ahmedabad,790,850,113.55,19.06,0.53,7.49,Yes,Stormy,Moderate,Smooth Delivery
2024-01-10,V006,D020,R019,Hyderabad,Indore,489,524,69.91,11.76,1.35,4.5,No,Stormy,Heavy,Smooth Delivery
2024-04-06,V044,D095,R014,Mumbai,Pune,1010,1030,128.81,26.46,4.42,16.84,No,Clear,Moderate,Vehicle Breakdown
2024-04-10,V007,D036,R018,Delhi,Ahmedabad,1449,1587,286.53,36.9,0.03,15.04,Yes,Foggy,Light,Smooth Delivery
2024-01-06,V042,D088,R016,Mumbai,Surat,1461,1529,276.28,28.75,0.53,4.43,Yes,Foggy,Moderate,Traffic Jam
2024-04-12,V039,D045,R013,Kolkata,Lucknow,631,639,121.19,15.67,0.7,17.33,Yes,Rainy,Light,Smooth Delivery
2024-04-26,V015,D004,R014,Hyderabad,Surat,1042,1113,175.88,21.05,1.26,8.14,No,Foggy,Heavy,Late Departure
2024-01-21,V036,D027,R002,Kolkata,Surat,1364,1444,204.81,28.79,1.44,14.29,No,Stormy,Moderate,Traffic Jam
2024-04-17,V035,D012,R004,Delhi,Jaipur,1479,1490,195.87,38.67,3.23,8.16,No,Clear,Heavy,Weather Delay
2024-01-11,V025,D086,R003,Mumbai,Indore,907,878,129.12,21.33,2.54,9.75,No,Clear,Light,Late Departure
2024-03-16,V048,D037,R018,Bangalore,Ahmedabad,408,428,72.24,10.41,0.74,12.92,Yes,Stormy,Heavy,Traffic Jam
2024-03-10,V023,D053,R001,Mumbai,Surat,325,340,50.49,5.93,1.76,18.77,No,Stormy,Moderate,Late Departure
2024-03-04,V020,D007,R010,Mumbai,Surat,1230,1190,229.55,29.84,0.22,11.47,Yes,Stormy,Moderate,Weather Delay
2024-03-12,V041,D097,R009,Mumbai,Jaipur,1302,1338,198.95,26.09,5.33,17.81,No,Rainy,Heavy,Late Departure
2024-04-24,V034,D098,R010,Chennai,Lucknow,853,825,137.14,21.26,0.29,11.81,Yes,Rainy,Heavy,Late Departure
2024-04-24,V018,D038,R005,Delhi,Jaipur,1378,1423,250.45,27.99,1.98,2.38,No,Stormy,Light,Vehicle Breakdown
2024-02-28,V015,D032,R004,Kolkata,Jaipur,530,534,69.62,11.67,0.64,6.57,Yes,Rainy,Heavy,Vehicle Breakdown
2024-03-09,V026,D012,R012,Delhi,Jaipur,614,605,114.17,11.96,0.14,7.26,Yes,Rainy,Heavy,Vehicle Breakdown
2024-03-26,V035,D085,R019,Kolkata,Surat,903,864,117.64,25.23,0.55,12.32,Yes,Stormy,Moderate,Weather Delay
2024-01-31,V016,D017,R020,Mumbai,Ahmedabad,1147,1160,198.4,28.32,2.4,19.53,No,Clear,Moderate,Vehicle Breakdown
2024-02-03,V013,D054,R016,Chennai,Lucknow,1419,1422,277.87,39.71,2.14,11.94,No,Clear,Moderate,Smooth Delivery
2024-02-21,V046,D098,R017,Hyderabad,Nagpur,767,818,115.33,14.43,3.26,16.19,No,Stormy,Heavy,Smooth Delivery
2024-04-29,V013,D066,R019,Delhi,Lucknow,349,356,60.09,7.73,1.05,12.98,No,Stormy,Light,Vehicle Breakdown
2024-04-04,V021,D013,R003,Kolkata,Pune,1201,1174,168.51,27.21,1.45,6.31,No,Stormy,Heavy,Late Departure
2024-02-28,V048,D082,R011,Hyderabad,Ahmedabad,513,520,92.35,9.77,1.0,6.05,No,Clear,Moderate,Traffic Jam
2024-03-10,V046,D003,R020,Kolkata,Surat,618,590,83.96,15.73,6.85,11.61,No,Foggy,Heavy,Vehicle Breakdown
2024-04-11,V048,D013,R017,Mumbai,Indore,844,838,120.18,20.84,2.57,7.55,No,Rainy,Heavy,Smooth Delivery
2024-02-16,V046,D064,R014,Delhi,Lucknow,1146,1258,184.58,22.09,0.11,8.27,Yes,Foggy,Moderate,Weather Delay
2024-04-14,V007,D074,R018,Bangalore,Indore,306,324,46.52,7.87,0.66,6.74,Yes,Foggy,Heavy,Vehicle Breakdown
2024-01-31,V030,D064,R013,Mumbai,Jaipur,1413,1472,243.96,34.31,0.35,9.36,Yes,Foggy,Moderate,Vehicle Breakdown
2024-03-24,V011,D016,R017,Mumbai,Surat,1222,1196,151.63,32.08,3.67,9.71,No,Stormy,Light,Smooth Delivery
2024-01-09,V027,D026,R018,Chennai,Surat,773,778,136.64,16.2,1.74,10.42,No,Stormy,Light,Weather Delay
2024-01-03,V046,D090,R011,Chennai,Pune,677,648,83.55,12.4,0.85,13.05,Yes,Stormy,Light,Late Departure
2024-02-25,V048,D100,R003,Delhi,Ahmedabad,890,905,151.7,24.35,0.91,16.73,Yes,Stormy,Moderate,Vehicle Breakdown
2024-01-14,V023,D022,R010,Hyderabad,Lucknow,773,736,109.1,14.69,0.37,5.3,Yes,Clear,Heavy,Weather Delay
2024-03-11,V047,D025,R003,Kolkata,Nagpur,951,1013,175.71,24.49,0.71,9.07,Yes,Clear,Heavy,Late Departure
2024-02-04,V011,D076,R007,Mumbai,Lucknow,920,994,145.0,21.34,1.15,19.17,No,Foggy,Heavy,Vehicle Breakdown
2024-04-30,V029,D034,R014,Kolkata,Indore,1364,1318,234.39,25.14,4.73,5.19,No,Stormy,Light,Vehicle Breakdown
2024-03-13,V040,D011,R016,Hyderabad,Ahmedabad,1129,1097,175.15,31.37,1.6,3.39,No,Rainy,Heavy,Vehicle Breakdown
2024-03-31,V004,D010,R008,Mumbai,Indore,669,641,99.29,12.35,0.83,8.42,Yes,Stormy,Heavy,Weather Delay
2024-04-07,V036,D027,R003,Kolkata,Surat,1212,1332,201.94,28.51,0.73,5.51,Yes,Foggy,Heavy,Late Departure
2024-01-15,V025,D055,R019,Chennai,Jaipur,1022,1049,166.07,25.29,0.26,7.6,Yes,Clear,Heavy,Late Departure
2024-03-08,V034,D034,R008,Hyderabad,Indore,1133,1162,224.54,29.76,4.42,11.77,No,Foggy,Heavy,Weather Delay
2024-03-20,V037,D022,R013,Delhi,Ahmedabad,667,639,90.26,18.41,2.01,15.5,No,Clear,Heavy,Late Departure
2024-02-17,V020,D015,R018,Chennai,Indore,775,811,112.69,21.08,1.95,4.46,No,Rainy,Light,Weather Delay
2024-01-27,V011,D040,R013,Hyderabad,Surat,300,300,38.32,6.66,5.14,3.6,No,Clear,Moderate,Late Departure
2024-01-17,V048,D055,R014,Delhi,Indore,1400,1430,275.68,29.41,0.12,5.16,Yes,Rainy,Light,Vehicle Breakdown
2024-01-30,V048,D043,R019,Bangalore,Nagpur,889,879,121.3,23.22,2.81,4.37,No,Stormy,Moderate,Vehicle Breakdown
2024-01-07,V045,D062,R007,Bangalore,Jaipur,1046,999,161.52,19.16,0.18,3.83,Yes,Foggy,Heavy,Weather Delay
2024-04-21,V050,D074,R020,Mumbai,Surat,610,648,109.16,12.36,0.33,10.28,Yes,Clear,Light,Smooth Delivery
2024-01-18,V017,D051,R018,Bangalore,Surat,1111,1099,172.95,22.05,2.15,11.28,No,Foggy,Light,Traffic Jam
2024-04-27,V005,D055,R019,Bangalore,Surat,851,926,159.89,21.38,1.43,13.18,No,Rainy,Moderate,Smooth Delivery
2024-02-13,V015,D003,R011,Kolkata,Lucknow,1156,1106,162.09,27.21,2.06,16.55,No,Rainy,Heavy,Smooth Delivery
2024-02-09,V040,D052,R018,Bangalore,Lucknow,521,538,107.49,10.92,2.07,6.48,No,Foggy,Heavy,Weather Delay
2024-04-14,V036,D039,R018,Mumbai,Nagpur,1141,1163,147.27,27.85,0.38,5.8,Yes,Clear,Heavy,Smooth Delivery
2024-02-29,V016,D079,R007,Delhi,Jaipur,430,444,56.57,9.12,0.54,13.49,Yes,Foggy,Moderate,Vehicle Breakdown
2024-03-19,V025,D026,R008,Hyderabad,Pune,951,992,146.08,24.9,1.51,9.74,No,Clear,Light,Smooth Delivery
2024-03-06,V042,D003,R001,Chennai,Jaipur,1370,1305,197.15,25.01,0.65,19.38,Yes,Foggy,Moderate,Late Departure
2024-03-15,V002,D034,R007,Kolkata,Surat,1199,1156,160.61,32.16,0.48,12.28,Yes,Foggy,Moderate,Traffic Jam
2024-04-30,V029,D086,R014,Bangalore,Ahmedabad,989,1027,140.19,20.91,1.35,18.42,No,Stormy,Moderate,Vehicle Breakdown
2024-02-18,V034,D078,R010,Hyderabad,Surat,1251,1273,224.29,32.72,0.77,14.83,Yes,Clear,Moderate,Late Departure
2024-02-23,V007,D083,R010,Kolkata,Jaipur,881,842,156.3,23.73,1.32,6.37,No,Clear,Light,Weather Delay
2024-02-29,V021,D005,R001,Hyderabad,Jaipur,594,579,85.42,11.83,0.61,12.41,Yes,Foggy,Light,Late Departure
2024-01-06,V009,D070,R013,Bangalore,Jaipur,1125,1085,139.0,26.95,8.99,19.61,No,Rainy,Light,Late Departure
2024-01-09,V005,D060,R020,Delhi,Lucknow,1097,1170,231.22,23.92,0.14,18.11,Yes,Foggy,Moderate,Vehicle Breakdown
2024-04-15,V006,D063,R010,Hyderabad,Pune,360,384,48.5,7.63,1.11,11.34,No,Stormy,Heavy,Traffic Jam
2024-02-13,V034,D082,R008,Chennai,Pune,1127,1135,177.18,23.62,4.05,12.73,No,Stormy,Heavy,Weather Delay
2024-03-03,V050,D080,R003,Chennai,Lucknow,1110,1197,157.74,24.46,0.64,13.51,Yes,Foggy,Moderate,Late Departure
2024-02-08,V001,D091,R002,Chennai,Indore,1047,1064,202.89,24.6,7.69,2.87,No,Clear,Light,Smooth Delivery
2024-03-14,V030,D028,R008,Delhi,Surat,1049,1106,147.0,21.87,1.27,14.74,No,Rainy,Heavy,Late Departure
2024-03-23,V046,D021,R020,Kolkata,Surat,590,598,113.38,10.88,0.85,13.98,Yes,Stormy,Moderate,Traffic Jam
2024-01-10,V029,D096,R013,Delhi,Lucknow,1170,1204,233.15,21.64,2.36,4.68,No,Clear,Heavy,Smooth Delivery
2024-02-08,V021,D025,R020,Mumbai,Surat,801,878,121.76,18.02,1.42,3.92,No,Rainy,Light,Weather Delay
2024-04-19,V008,D099,R009,Bangalore,Lucknow,955,987,189.04,20.81,1.21,17.74,No,Rainy,Moderate,Vehicle Breakdown
2024-02-10,V035,D059,R004,Hyderabad,Surat,779,824,143.34,14.76,1.28,12.91,No,Clear,Light,Traffic Jam
2024-01-02,V027,D075,R009,Mumbai,Nagpur,684,667,88.07,12.76,2.24,18.93,No,Stormy,Moderate,Traffic Jam
2024-02-17,V042,D084,R008,Chennai,Surat,668,664,87.56,14.92,0.27,14.04,Yes,Stormy,Moderate,Weather Delay
2024-04-30,V017,D012,R004,Delhi,Lucknow,904,951,162.27,25.43,0.33,9.2,Yes,Foggy,Moderate,Late Departure
2024-02-04,V034,D022,R014,Hyderabad,Indore,1482,1445,258.86,34.6,4.9,15.76,No,Stormy,Moderate,Traffic Jam
2024-01-05,V010,D063,R001,Kolkata,Nagpur,781,779,99.17,16.3,0.91,10.43,Yes,Clear,Moderate,Weather Delay
2024-03-29,V036,D079,R019,Bangalore,Jaipur,1292,1307,229.34,30.23,1.13,11.5,No,Rainy,Heavy,Late Departure
2024-04-28,V015,D082,R011,Mumbai,Indore,318,338,55.63,6.45,1.29,19.31,No,Foggy,Heavy,Weather Delay
2024-03-16,V020,D065,R005,Chennai,Nagpur,1265,1274,165.38,24.6,1.52,13.78,No,Stormy,Heavy,Smooth Delivery
2024-01-15,V045,D085,R004,Delhi,Lucknow,605,582,74.13,16.29,1.24,7.94,No,Rainy,Moderate,Weather Delay
2024-01-21,V028,D027,R020,Kolkata,Jaipur,489,496,72.61,9.2,0.92,19.78,Yes,Clear,Heavy,Smooth Delivery
2024-04-06,V039,D074,R005,Chennai,Pune,1188,1234,225.11,30.62,1.89,2.91,No,Foggy,Heavy,Traffic Jam
2024-03-08,V015,D080,R015,Delhi,Lucknow,1312,1340,246.11,30.05,2.08,10.26,No,Foggy,Heavy,Late Departure
2024-02-17,V009,D023,R020,Mumbai,Pune,1054,1027,178.43,24.89,0.11,12.52,Yes,Foggy,Light,Weather Delay
2024-03-31,V045,D018,R001,Delhi,Jaipur,833,867,167.17,19.35,0.8,8.01,Yes,Clear,Heavy,Vehicle Breakdown
2024-01-26,V003,D056,R006,Mumbai,Nagpur,864,893,147.9,19.94,2.4,4.92,No,Foggy,Light,Smooth Delivery
2024-04-19,V029,D051,R004,Hyderabad,Surat,1101,1148,176.16,26.79,1.95,11.92,No,Clear,Light,Smooth Delivery
2024-04-04,V013,D009,R010,Kolkata,Lucknow,1430,1460,208.48,28.01,5.4,13.33,No,Rainy,Heavy,Weather Delay
2024-03-13,V029,D024,R008,Bangalore,Jaipur,1321,1428,285.41,28.97,0.36,3.7,Yes,Foggy,Heavy,Weather Delay
2024-04-05,V007,D058,R012,Chennai,Lucknow,968,996,137.56,22.38,1.66,10.81,No,Stormy,Light,Vehicle Breakdown
2024-04-27,V033,D065,R020,Hyderabad,Indore,1454,1476,251.42,34.09,0.65,13.63,Yes,Stormy,Light,Late Departure
2024-04-17,V019,D079,R002,Kolkata,Nagpur,331,320,60.63,6.87,1.19,9.74,No,Stormy,Moderate,Smooth Delivery
2024-02-10,V016,D098,R010,Kolkata,Indore,1036,1007,161.56,20.4,3.31,14.65,No,Rainy,Moderate,Smooth Delivery
2024-02-25,V017,D085,R005,Kolkata,Nagpur,357,342,48.78,8.97,0.57,5.53,Yes,Stormy,Heavy,Vehicle Breakdown
2024-01-02,V030,D012,R010,Bangalore,Indore,1307,1393,200.55,27.67,1.65,6.26,No,Foggy,Moderate,Traffic Jam
2024-01-26,V001,D076,R010,Chennai,Jaipur,675,686,99.42,14.14,2.35,7.17,No,Clear,Light,Traffic Jam
2024-04-06,V007,D046,R004,Hyderabad,Jaipur,1199,1277,202.04,24.77,0.91,19.07,Yes,Rainy,Moderate,Smooth Delivery
2024-01-24,V022,D039,R015,Delhi,Lucknow,545,532,75.73,11.71,0.28,3.19,Yes,Stormy,Heavy,Smooth Delivery
2024-01-12,V002,D075,R015,Chennai,Pune,1013,1083,197.9,26.16,5.75,14.91,No,Rainy,Light,Smooth Delivery
2024-04-04,V017,D015,R009,Mumbai,Surat,986,973,143.66,21.58,2.79,15.13,No,Rainy,Moderate,Smooth Delivery
2024-02-03,V045,D080,R020,Chennai,Nagpur,1095,1176,208.71,22.91,0.06,3.24,Yes,Clear,Light,Weather Delay
2024-02-22,V045,D008,R011,Bangalore,Jaipur,974,1029,202.83,20.9,2.75,8.84,No,Rainy,Light,Late Departure
2024-01-10,V024,D073,R015,Hyderabad,Pune,532,508,71.13,9.93,1.89,12.41,No,Clear,Light,Smooth Delivery
2024-01-21,V013,D082,R001,Kolkata,Lucknow,457,449,88.98,9.35,0.39,17.45,Yes,Rainy,Light,Smooth Delivery
2024-03-05,V041,D062,R002,Chennai,Nagpur,1032,1052,159.59,20.61,2.27,13.57,No,Stormy,Heavy,Late Departure
2024-04-25,V041,D028,R006,Chennai,Nagpur,304,331,41.65,5.64,2.61,14.7,No,Stormy,Light,Late Departure
2024-03-14,V045,D052,R020,Bangalore,Surat,352,369,69.48,8.71,0.01,4.47,Yes,Rainy,Light,Vehicle Breakdown
2024-01-03,V038,D029,R008,Kolkata,Indore,1259,1278,234.94,23.74,2.46,3.29,No,Foggy,Moderate,Vehicle Breakdown
2024-02-03,V029,D087,R003,Kolkata,Surat,1278,1261,169.1,25.03,4.36,19.96,No,Clear,Heavy,Weather Delay
2024-03-08,V008,D091,R017,Hyderabad,Nagpur,1161,1272,204.16,29.02,2.13,7.39,No,Stormy,Moderate,Traffic Jam
2024-01-17,V031,D087,R012,Delhi,Surat,1187,1271,192.52,23.33,0.48,11.14,Yes,Stormy,Moderate,Weather Delay
2024-01-29,V011,D060,R013,Mumbai,Indore,552,571,72.93,13.69,4.14,16.49,No,Clear,Light,Traffic Jam
2024-02-27,V049,D030,R014,Delhi,Pune,1008,1068,145.1,21.4,0.42,5.41,Yes,Rainy,Light,Traffic Jam
2024-02-20,V019,D072,R017,Delhi,Pune,1402,1514,211.0,35.71,1.43,10.06,No,Foggy,Light,Late Departure
2024-04-15,V005,D026,R009,Bangalore,Surat,383,372,56.4,9.43,0.15,10.41,Yes,Rainy,Light,Late Departure
2024-04-22,V019,D093,R007,Delhi,Indore,1475,1531,297.82,34.27,0.45,2.55,Yes,Foggy,Moderate,Late Departure
2024-03-12,V011,D026,R007,Chennai,Indore,780,755,139.37,20.18,2.44,9.91,No,Rainy,Heavy,Smooth Delivery
2024-02-25,V032,D003,R019,Bangalore,Jaipur,788,765,144.32,19.24,2.4,8.56,No,Stormy,Light,Late Departure
2024-03-13,V032,D019,R013,Delhi,Pune,890,866,139.4,19.3,0.05,13.3,Yes,Foggy,Light,Late Departure
2024-02-08,V041,D065,R006,Chennai,Nagpur,1326,1338,266.05,27.35,1.87,13.32,No,Foggy,Moderate,Traffic Jam
2024-03-07,V013,D091,R001,Bangalore,Ahmedabad,741,741,112.46,17.34,1.81,12.5,No,Stormy,Light,Smooth Delivery
2024-02-21,V037,D029,R019,Chennai,Nagpur,449,432,62.34,9.21,0.69,17.76,Yes,Stormy,Light,Vehicle Breakdown
2024-01-18,V033,D041,R002,Mumbai,Jaipur,853,918,166.14,16.07,0.87,15.03,Yes,Foggy,Heavy,Vehicle Breakdown
2024-04-01,V037,D042,R003,Mumbai,Surat,594,636,97.62,13.82,3.71,6.16,No,Rainy,Light,Weather Delay
2024-02-08,V020,D027,R012,Chennai,Jaipur,729,720,118.33,13.97,4.19,5.96,No,Foggy,Moderate,Smooth Delivery
2024-03-19,V015,D062,R019,Chennai,Ahmedabad,926,999,173.0,17.02,1.36,2.13,No,Foggy,Light,Traffic Jam
2024-03-23,V009,D020,R003,Kolkata,Surat,1156,1104,202.85,29.83,2.19,6.01,No,Clear,Light,Late Departure
2024-03-05,V020,D091,R011,Bangalore,Nagpur,305,334,48.35,6.24,0.37,18.07,Yes,Foggy,Heavy,Traffic Jam
2024-04-12,V021,D089,R003,Chennai,Nagpur,723,759,99.96,13.36,0.2,3.74,Yes,Foggy,Light,Smooth Delivery
2024-03-06,V019,D051,R018,Bangalore,Pune,363,388,51.06,7.78,0.68,13.75,Yes,Rainy,Heavy,Vehicle Breakdown
2024-02-14,V024,D042,R018,Delhi,Jaipur,1136,1131,197.89,25.38,0.37,10.71,Yes,Clear,Moderate,Traffic Jam
2024-02-27,V020,D067,R011,Chennai,Pune,1311,1433,190.57,24.35,2.46,8.39,No,Stormy,Moderate,Traffic Jam
2024-03-19,V038,D026,R005,Hyderabad,Indore,1177,1261,162.32,21.82,1.72,5.8,No,Rainy,Light,Smooth Delivery
2024-01-17,V006,D022,R005,Mumbai,Indore,1093,1044,191.86,20.12,0.93,17.39,Yes,Foggy,Light,Late Departure
2024-03-19,V012,D076,R010,Bangalore,Indore,898,915,131.04,25.31,0.43,9.85,Yes,Foggy,Heavy,Smooth Delivery
2024-02-27,V042,D093,R017,Chennai,Jaipur,1336,1395,252.97,26.57,0.68,16.71,Yes,Rainy,Heavy,Weather Delay
2024-04-27,V046,D038,R017,Mumbai,Jaipur,857,826,117.34,20.97,2.38,9.24,No,Foggy,Light,Smooth Delivery
2024-04-12,V021,D085,R012,Hyderabad,Nagpur,596,625,80.1,16.83,0.02,15.87,Yes,Foggy,Moderate,Vehicle Breakdown
2024-03-22,V017,D014,R005,Mumbai,Nagpur,1250,1308,222.49,27.85,0.06,5.46,Yes,Foggy,Moderate,Late Departure
2024-01-10,V025,D042,R008,Delhi,Jaipur,1242,1258,167.69,27.85,1.32,17.73,No,Stormy,Light,Weather Delay
2024-03-15,V048,D069,R013,Bangalore,Ahmedabad,716,713,100.39,13.71,0.34,8.42,Yes,Rainy,Moderate,Late Departure
2024-01-20,V028,D040,R005,Bangalore,Pune,372,408,51.32,9.43,0.1,6.88,Yes,Clear,Heavy,Weather Delay
2024-03-30,V014,D057,R014,Chennai,Ahmedabad,489,493,77.97,10.32,3.45,7.95,No,Foggy,Light,Smooth Delivery
2024-01-21,V030,D081,R018,Kolkata,Lucknow,889,957,181.24,24.81,1.05,3.07,No,Clear,Moderate,Vehicle Breakdown
2024-03-11,V028,D074,R001,Hyderabad,Pune,732,738,95.96,18.38,1.84,7.44,No,Rainy,Light,Smooth Delivery
2024-04-11,V003,D092,R006,Kolkata,Pune,1191,1139,170.76,23.04,0.79,13.11,Yes,Stormy,Heavy,Traffic Jam
2024-04-08,V015,D094,R003,Mumbai,Indore,1412,1532,207.9,36.32,1.98,11.03,No,Foggy,Heavy,Late Departure
2024-04-27,V003,D086,R001,Kolkata,Ahmedabad,480,509,78.51,12.78,1.27,10.86,No,Stormy,Light,Late Departure
2024-02-06,V012,D027,R003,Mumbai,Ahmedabad,985,1012,132.52,18.62,0.91,10.2,Yes,Rainy,Heavy,Weather Delay
2024-03-02,V003,D074,R013,Mumbai,Pune,779,800,121.97,14.42,1.57,6.99,No,Rainy,Light,Traffic Jam
2024-03-18,V035,D067,R003,Chennai,Jaipur,1095,1127,163.77,22.91,1.32,5.2,No,Rainy,Light,Traffic Jam
2024-04-06,V042,D036,R014,Hyderabad,Lucknow,431,411,68.35,9.9,0.1,16.67,Yes,Clear,Light,Weather Delay
2024-01-19,V043,D053,R018,Mumbai,Nagpur,1319,1321,170.65,34.63,0.09,10.68,Yes,Clear,Heavy,Weather Delay
2024-04-05,V024,D046,R004,Delhi,Jaipur,681,666,85.25,19.34,0.8,18.68,Yes,Foggy,Light,Late Departure
2024-03-20,V013,D016,R002,Mumbai,Ahmedabad,411,414,78.42,10.01,1.03,5.33,No,Clear,Light,Smooth Delivery
2024-03-10,V035,D050,R019,Kolkata,Lucknow,1423,1451,193.23,27.13,0.08,4.9,Yes,Stormy,Light,Vehicle Breakdown
2024-02-03,V015,D065,R019,Delhi,Indore,785,778,114.67,18.59,2.79,14.9,No,Clear,Heavy,Late Departure
2024-03-28,V029,D079,R005,Hyderabad,Pune,1230,1187,172.69,33.01,0.44,5.2,Yes,Rainy,Light,Late Departure
2024-03-26,V044,D013,R007,Chennai,Nagpur,645,629,91.84,13.94,0.29,19.82,Yes,Rainy,Heavy,Smooth Delivery
2024-03-23,V041,D090,R009,Chennai,Nagpur,803,813,153.65,21.46,1.32,19.62,No,Foggy,Moderate,Weather Delay
2024-01-14,V043,D097,R005,Hyderabad,Pune,1426,1477,188.22,32.5,0.86,11.0,Yes,Clear,Heavy,Vehicle Breakdown
2024-01-05,V012,D077,R002,Kolkata,Jaipur,442,466,76.36,8.45,0.04,9.92,Yes,Rainy,Moderate,Vehicle Breakdown
2024-01-30,V029,D084,R019,Bangalore,Jaipur,1396,1433,210.08,34.45,0.84,10.72,Yes,Stormy,Light,Weather Delay
2024-01-20,V019,D077,R003,Hyderabad,Lucknow,612,644,87.97,12.3,0.63,19.99,Yes,Rainy,Heavy,Traffic Jam
2024-04-17,V024,D064,R010,Hyderabad,Surat,882,950,164.36,22.67,0.57,10.14,Yes,Clear,Light,Vehicle Breakdown
2024-01-02,V049,D099,R008,Bangalore,Indore,1348,1452,197.95,25.91,0.48,12.68,Yes,Stormy,Heavy,Traffic Jam
2024-01-02,V033,D076,R001,Mumbai,Ahmedabad,681,675,126.71,13.99,0.23,14.02,Yes,Foggy,Moderate,Late Departure
2024-01-19,V024,D042,R010,Hyderabad,Indore,375,392,52.75,9.92,2.3,19.99,No,Foggy,Light,Traffic Jam
2024-02-08,V009,D079,R009,Chennai,Surat,1266,1364,188.0,26.24,0.82,15.15,Yes,Stormy,Heavy,Smooth Delivery
2024-02-21,V001,D002,R014,Chennai,Pune,1249,1322,191.75,24.53,0.89,4.18,Yes,Rainy,Heavy,Vehicle Breakdown
2024-02-05,V040,D052,R020,Bangalore,Lucknow,933,964,166.35,21.86,0.03,8.89,Yes,Clear,Light,Smooth Delivery
2024-04-24,V038,D037,R015,Kolkata,Pune,1041,1115,168.22,29.58,0.95,7.25,Yes,Stormy,Moderate,Late Departure
2024-04-02,V029,D040,R005,Delhi,Indore,416,424,68.23,7.76,0.06,14.3,Yes,Foggy,Light,Weather Delay
2024-04-02,V042,D022,R015,Kolkata,Surat,396,426,54.08,10.27,1.14,2.78,No,Stormy,Moderate,Vehicle Breakdown
2024-03-28,V020,D066,R001,Mumbai,Jaipur,565,579,107.69,10.92,0.18,11.24,Yes,Clear,Heavy,Traffic Jam
2024-02-19,V038,D072,R005,Chennai,Ahmedabad,909,934,118.0,18.9,0.51,6.33,Yes,Stormy,Heavy,Vehicle Breakdown
2024-01-14,V027,D060,R005,Bangalore,Indore,376,364,50.07,7.7,1.41,2.74,No,Clear,Heavy,Vehicle Breakdown
2024-03-21,V038,D008,R009,Chennai,Surat,716,762,110.03,13.19,1.33,7.47,No,Foggy,Light,Vehicle Breakdown
2024-02-26,V018,D094,R001,Bangalore,Indore,802,807,146.0,16.22,1.85,5.61,No,Rainy,Heavy,Traffic Jam
2024-01-05,V001,D029,R018,Delhi,Lucknow,903,879,168.04,16.96,0.4,8.19,Yes,Rainy,Light,Traffic Jam
2024-04-02,V010,D061,R009,Kolkata,Pune,1265,1254,200.93,25.67,3.07,5.29,No,Clear,Light,Weather Delay
2024-03-13,V027,D018,R004,Delhi,Nagpur,1169,1230,203.05,21.41,0.53,2.13,Yes,Rainy,Moderate,Late Departure
2024-02-27,V031,D086,R020,Delhi,Indore,997,1024,187.81,27.78,1.8,15.18,No,Rainy,Moderate,Smooth Delivery
2024-03-29,V024,D042,R014,Bangalore,Lucknow,1423,1450,206.24,31.09,1.49,12.74,No,Clear,Moderate,Weather Delay
2024-01-27,V034,D097,R008,Mumbai,Indore,1280,1343,239.87,31.7,0.87,10.03,Yes,Stormy,Heavy,Late Departure
2024-02-02,V038,D004,R015,Bangalore,Pune,1369,1459,239.09,35.79,0.43,5.87,Yes,Foggy,Light,Smooth Delivery
2024-02-10,V032,D078,R004,Hyderabad,Ahmedabad,810,858,133.83,16.47,0.81,18.02,Yes,Foggy,Heavy,Smooth Delivery
2024-01-25,V018,D040,R019,Kolkata,Ahmedabad,1123,1232,175.76,21.48,1.06,18.82,No,Clear,Heavy,Smooth Delivery
2024-03-24,V023,D016,R006,Kolkata,Ahmedabad,805,865,108.46,16.96,2.27,11.77,No,Foggy,Heavy,Weather Delay
2024-04-17,V026,D057,R002,Bangalore,Nagpur,1233,1219,201.01,23.32,0.09,12.65,Yes,Clear,Heavy,Vehicle Breakdown
2024-02-23,V045,D069,R013,Kolkata,Nagpur,1461,1469,238.47,27.73,2.88,12.78,No,Foggy,Heavy,Traffic Jam
2024-04-09,V037,D089,R020,Hyderabad,Indore,1412,1399,217.7,32.71,0.65,3.85,Yes,Foggy,Moderate,Vehicle Breakdown
2024-01-16,V036,D083,R003,Delhi,Surat,658,678,114.81,13.65,0.58,9.76,Yes,Rainy,Heavy,Late Departure
2024-03-01,V030,D027,R019,Chennai,Pune,1421,1361,170.6,31.47,0.04,11.74,Yes,Stormy,Heavy,Traffic Jam
2024-03-19,V050,D095,R006,Kolkata,Indore,946,1022,139.66,19.3,0.23,13.84,Yes,Clear,Light,Smooth Delivery
2024-02-21,V007,D048,R012,Hyderabad,Jaipur,502,534,79.5,9.5,0.49,6.36,Yes,Rainy,Light,Late Departure
2024-04-10,V036,D043,R006,Chennai,Indore,344,371,53.95,9.82,0.65,17.44,Yes,Rainy,Moderate,Weather Delay
2024-01-29,V049,D080,R018,Mumbai,Indore,329,313,62.48,8.1,3.68,18.23,No,Rainy,Light,Weather Delay
2024-04-26,V030,D035,R009,Chennai,Pune,1379,1417,212.77,33.12,0.42,16.67,Yes,Rainy,Light,Vehicle Breakdown
2024-04-25,V025,D053,R019,Chennai,Ahmedabad,427,412,63.76,8.95,0.16,11.35,Yes,Rainy,Heavy,Weather Delay
2024-02-14,V007,D002,R004,Mumbai,Indore,1300,1347,186.37,32.75,0.52,12.25,Yes,Stormy,Light,Smooth Delivery
2024-02-23,V040,D077,R010,Delhi,Pune,519,569,100.66,9.48,1.88,16.87,No,Foggy,Heavy,Weather Delay
2024-03-15,V003,D015,R005,Chennai,Nagpur,729,702,118.96,20.16,0.7,19.66,Yes,Foggy,Heavy,Traffic Jam
2024-01-19,V041,D025,R020,Bangalore,Ahmedabad,611,590,88.23,17.4,1.87,5.55,No,Clear,Heavy,Smooth Delivery
2024-04-27,V015,D005,R009,Chennai,Pune,1084,1050,174.68,21.5,0.17,6.14,Yes,Clear,Moderate,Vehicle Breakdown
2024-02-23,V046,D050,R012,Delhi,Lucknow,1426,1356,171.53,30.44,1.91,13.72,No,Clear,Moderate,Traffic Jam
2024-03-14,V043,D022,R007,Hyderabad,Ahmedabad,899,873,128.67,23.89,0.77,12.24,Yes,Foggy,Heavy,Vehicle Breakdown
2024-02-28,V036,D086,R001,Mumbai,Ahmedabad,322,332,61.97,9.02,2.4,15.07,No,Stormy,Light,Smooth Delivery
2024-03-06,V032,D074,R011,Delhi,Indore,747,718,133.4,14.13,2.2,19.93,No,Stormy,Moderate,Traffic Jam
2024-04-12,V050,D029,R003,Delhi,Surat,818,808,125.01,20.59,1.46,4.08,No,Rainy,Light,Weather Delay
2024-02-03,V050,D086,R009,Chennai,Pune,441,427,81.87,9.02,1.02,13.12,No,Clear,Light,Smooth Delivery
2024-04-10,V007,D053,R006,Chennai,Jaipur,882,954,132.11,19.94,6.24,10.21,No,Foggy,Moderate,Late Departure
2024-02-28,V007,D100,R020,Kolkata,Surat,614,593,74.33,17.32,1.2,7.56,No,Stormy,Light,Vehicle Breakdown
2024-02-26,V018,D065,R002,Mumbai,Pune,1435,1471,220.34,36.05,1.22,15.61,No,Foggy,Light,Traffic Jam
2024-01-17,V032,D061,R014,Mumbai,Nagpur,1454,1439,233.97,36.02,2.58,15.05,No,Clear,Light,Weather Delay
2024-01-14,V039,D005,R004,Hyderabad,Jaipur,1106,1195,216.87,30.32,0.19,4.9,Yes,Foggy,Moderate,Traffic Jam
2024-03-29,V029,D098,R011,Bangalore,Lucknow,415,427,53.96,9.85,4.77,2.69,No,Rainy,Heavy,Smooth Delivery
2024-02-05,V030,D020,R006,Kolkata,Pune,828,901,162.53,15.55,0.09,19.07,Yes,Clear,Moderate,Smooth Delivery
2024-01-19,V050,D044,R011,Bangalore,Lucknow,1045,1024,173.32,23.32,0.72,14.02,Yes,Rainy,Moderate,Vehicle Breakdown
2024-02-24,V003,D098,R020,Hyderabad,Surat,915,1003,147.08,18.51,0.14,13.3,Yes,Rainy,Light,Late Departure
2024-01-31,V019,D062,R016,Chennai,Pune,1133,1153,150.57,26.49,1.71,6.11,No,Clear,Light,Late Departure
2024-03-30,V049,D008,R014,Mumbai,Lucknow,547,540,88.11,13.32,0.44,2.89,Yes,Stormy,Heavy,Traffic Jam
2024-01-23,V044,D011,R007,Kolkata,Indore,1062,1142,219.92,20.13,0.2,3.17,Yes,Foggy,Light,Weather Delay
2024-01-19,V036,D042,R010,Kolkata,Pune,507,524,80.52,11.31,1.28,7.17,No,Clear,Moderate,Late Departure
2024-03-04,V037,D041,R016,Kolkata,Surat,1133,1189,182.72,27.17,2.63,15.1,No,Foggy,Moderate,Late Departure
2024-01-17,V039,D050,R017,Bangalore,Jaipur,806,813,107.78,15.09,1.15,5.87,No,Stormy,Heavy,Smooth Delivery
2024-04-17,V004,D100,R005,Chennai,Pune,965,1049,188.38,26.83,0.6,15.09,Yes,Stormy,Heavy,Vehicle Breakdown
2024-04-08,V049,D061,R001,Hyderabad,Lucknow,1353,1472,212.97,25.04,0.15,3.09,Yes,Foggy,Light,Smooth Delivery
2024-04-17,V048,D057,R004,Kolkata,Indore,1249,1299,164.46,27.72,0.08,5.98,Yes,Clear,Light,Smooth Delivery
2024-04-17,V048,D086,R013,Chennai,Pune,1229,1212,201.54,34.26,3.53,11.28,No,Rainy,Heavy,Vehicle Breakdown
2024-03-07,V041,D100,R019,Delhi,Indore,1412,1483,285.11,39.13,1.32,17.97,No,Rainy,Light,Smooth Delivery
2024-02-03,V045,D033,R005,Kolkata,Lucknow,301,309,40.48,5.88,0.12,5.64,Yes,Foggy,Heavy,Smooth Delivery
2024-04-14,V007,D097,R001,Kolkata,Nagpur,547,573,90.51,13.4,0.81,10.01,Yes,Stormy,Heavy,Weather Delay
2024-03-25,V050,D044,R005,Mumbai,Nagpur,677,735,138.41,16.68,1.16,14.57,No,Clear,Heavy,Late Departure
2024-01-20,V044,D024,R018,Kolkata,Jaipur,419,437,55.85,8.23,1.22,5.86,No,Stormy,Moderate,Vehicle Breakdown
2024-02-22,V046,D051,R002,Bangalore,Surat,895,910,128.53,17.29,4.82,12.9,No,Rainy,Light,Vehicle Breakdown
2024-03-04,V010,D049,R010,Hyderabad,Pune,494,508,100.53,13.56,0.25,2.99,Yes,Stormy,Light,Late Departure
2024-04-07,V050,D012,R011,Hyderabad,Ahmedabad,1029,1039,172.86,21.55,1.15,12.73,No,Foggy,Heavy,Traffic Jam
2024-04-06,V026,D048,R018,Bangalore,Pune,1058,1080,185.15,19.57,0.14,18.9,Yes,Clear,Light,Weather Delay
2024-03-11,V026,D099,R011,Chennai,Surat,843,840,128.48,22.68,0.11,9.73,Yes,Foggy,Light,Vehicle Breakdown
2024-04-10,V046,D006,R017,Mumbai,Surat,541,574,98.83,11.7,0.49,9.0,Yes,Foggy,Heavy,Late Departure
2024-03-20,V032,D069,R006,Delhi,Jaipur,900,977,129.1,19.86,0.41,5.48,Yes,Clear,Moderate,Late Departure
2024-03-18,V040,D088,R014,Bangalore,Lucknow,795,869,154.95,15.54,0.69,19.74,Yes,Foggy,Heavy,Weather Delay
2024-01-19,V035,D097,R012,Delhi,Ahmedabad,421,423,69.86,8.82,4.89,19.57,No,Foggy,Heavy,Vehicle Breakdown
2024-01-17,V025,D098,R004,Kolkata,Nagpur,572,604,83.15,12.36,2.11,17.48,No,Clear,Light,Smooth Delivery
2024-01-18,V020,D073,R010,Kolkata,Pune,1467,1500,218.67,32.07,1.24,18.02,No,Clear,Heavy,Vehicle Breakdown
2024-03-06,V036,D069,R010,Kolkata,Indore,709,711,126.41,16.07,0.35,10.97,Yes,Rainy,Light,Weather Delay
2024-04-18,V009,D019,R016,Bangalore,Pune,451,489,71.36,8.65,0.27,18.22,Yes,Foggy,Light,Weather Delay
2024-01-13,V041,D068,R013,Bangalore,Pune,593,616,120.9,12.44,4.54,3.43,No,Rainy,Heavy,Traffic Jam
2024-01-26,V029,D064,R015,Bangalore,Surat,984,1020,131.67,27.96,1.5,10.55,No,Foggy,Heavy,Vehicle Breakdown
2024-04-03,V006,D053,R018,Chennai,Indore,716,717,104.18,19.86,2.1,2.08,No,Clear,Moderate,Traffic Jam
2024-01-26,V040,D094,R006,Hyderabad,Ahmedabad,683,680,104.42,16.06,0.55,16.96,Yes,Foggy,Heavy,Smooth Delivery
2024-04-27,V015,D089,R017,Kolkata,Ahmedabad,884,963,126.36,19.45,3.23,18.58,No,Stormy,Heavy,Late Departure
2024-03-02,V033,D041,R002,Bangalore,Pune,560,566,96.75,15.15,0.98,19.03,Yes,Clear,Moderate,Late Departure
2024-03-17,V045,D014,R010,Kolkata,Jaipur,1168,1207,172.36,31.35,0.23,10.36,Yes,Foggy,Heavy,Late Departure
2024-02-02,V027,D034,R010,Chennai,Surat,588,642,105.55,11.19,0.19,13.11,Yes,Clear,Light,Smooth Delivery
2024-04-16,V029,D001,R015,Delhi,Indore,998,1038,136.95,28.46,0.32,5.95,Yes,Rainy,Moderate,Traffic Jam
2024-04-07,V034,D090,R007,Kolkata,Lucknow,771,842,154.18,21.57,1.15,11.51,No,Clear,Heavy,Traffic Jam
2024-01-17,V049,D075,R015,Bangalore,Nagpur,795,855,108.96,17.37,3.99,15.05,No,Foggy,Heavy,Late Departure
2024-03-09,V017,D068,R012,Chennai,Surat,1350,1336,171.61,27.92,0.8,14.24,Yes,Rainy,Heavy,Traffic Jam
2024-02-27,V011,D009,R013,Delhi,Surat,870,878,164.34,17.62,2.61,15.12,No,Foggy,Light,Traffic Jam
2024-03-13,V023,D063,R009,Hyderabad,Indore,1426,1403,178.27,40.16,0.61,6.68,Yes,Rainy,Moderate,Vehicle Breakdown
2024-02-14,V021,D007,R015,Kolkata,Jaipur,1469,1406,226.15,30.95,3.21,19.81,No,Foggy,Heavy,Traffic Jam
2024-01-17,V043,D034,R006,Mumbai,Lucknow,789,845,131.91,15.95,2.78,10.38,No,Foggy,Heavy,Weather Delay
2024-01-20,V025,D088,R007,Bangalore,Lucknow,1121,1196,185.49,26.23,1.12,14.17,No,Rainy,Moderate,Late Departure
2024-03-09,V013,D074,R009,Delhi,Nagpur,482,510,84.02,10.38,3.61,19.57,No,Rainy,Heavy,Late Departure
2024-04-27,V035,D087,R019,Bangalore,Jaipur,587,577,103.43,12.09,0.8,2.44,Yes,Stormy,Heavy,Weather Delay
2024-01-25,V001,D020,R016,Delhi,Ahmedabad,1180,1182,159.29,23.16,1.02,10.51,No,Clear,Moderate,Late Departure
2024-04-17,V023,D054,R016,Hyderabad,Surat,1017,1054,186.28,22.34,0.02,10.56,Yes,Foggy,Moderate,Smooth Delivery
2024-03-27,V012,D065,R005,Chennai,Nagpur,1423,1423,202.57,29.79,0.72,2.13,Yes,Clear,Heavy,Traffic Jam
2024-02-04,V028,D080,R019,Hyderabad,Surat,1217,1202,174.2,33.39,0.17,13.65,Yes,Stormy,Heavy,Late Departure
2024-01-04,V047,D062,R010,Kolkata,Jaipur,962,1022,171.34,21.48,4.37,19.02,No,Clear,Heavy,Weather Delay
2024-01-13,V018,D002,R011,Hyderabad,Indore,1492,1486,200.0,31.83,5.56,10.6,No,Rainy,Heavy,Late Departure
2024-03-27,V023,D066,R005,Bangalore,Indore,753,802,109.8,16.75,2.38,6.7,No,Foggy,Light,Weather Delay
2024-01-12,V046,D008,R005,Delhi,Lucknow,1434,1388,221.18,26.62,1.04,13.43,No,Foggy,Light,Weather Delay
2024-04-04,V047,D089,R013,Mumbai,Lucknow,559,583,108.01,13.06,1.84,19.5,No,Foggy,Moderate,Late Departure
2024-03-01,V041,D062,R001,Bangalore,Pune,626,610,97.89,16.96,0.42,8.78,Yes,Stormy,Moderate,Late Departure
2024-03-27,V050,D042,R007,Delhi,Jaipur,784,808,141.96,19.82,2.26,19.33,No,Stormy,Light,Traffic Jam
2024-03-10,V019,D021,R012,Hyderabad,Jaipur,749,747,105.75,18.65,3.95,14.11,No,Stormy,Heavy,Traffic Jam
2024-03-18,V012,D002,R011,Chennai,Nagpur,698,747,145.1,14.86,1.12,7.27,No,Clear,Moderate,Vehicle Breakdown
2024-04-18,V047,D017,R008,Chennai,Lucknow,1491,1475,218.84,30.35,0.05,12.21,Yes,Foggy,Heavy,Late Departure
2024-02-07,V012,D073,R003,Mumbai,Ahmedabad,1060,1034,190.74,22.33,0.56,9.94,Yes,Foggy,Heavy,Traffic Jam
2024-04-09,V022,D044,R011,Chennai,Pune,373,374,53.85,8.4,4.96,8.34,No,Rainy,Heavy,Traffic Jam
2024-01-07,V025,D011,R005,Mumbai,Nagpur,688,729,126.3,15.23,1.21,7.92,No,Rainy,Heavy,Weather Delay
2024-02-06,V042,D013,R019,Hyderabad,Surat,358,365,62.52,10.19,0.36,14.6,Yes,Rainy,Moderate,Weather Delay
2024-04-01,V050,D021,R016,Mumbai,Surat,659,702,120.19,15.27,0.06,6.27,Yes,Foggy,Moderate,Late Departure
2024-04-07,V031,D053,R001,Bangalore,Lucknow,1036,1105,162.07,26.49,0.45,16.7,Yes,Rainy,Moderate,Late Departure
2024-02-27,V046,D021,R008,Bangalore,Surat,1161,1139,189.76,24.04,1.24,10.3,No,Clear,Moderate,Late Departure
2024-01-02,V049,D026,R011,Bangalore,Pune,765,829,146.49,15.35,0.26,13.08,Yes,Rainy,Moderate,Traffic Jam
2024-04-15,V009,D062,R001,Chennai,Ahmedabad,1262,1363,213.85,25.5,2.58,4.45,No,Rainy,Moderate,Traffic Jam
2024-01-18,V031,D077,R019,Delhi,Indore,569,600,77.32,12.23,0.31,4.28,Yes,Rainy,Heavy,Traffic Jam
2024-02-03,V032,D094,R016,Delhi,Pune,623,616,116.0,13.76,0.11,6.02,Yes,Foggy,Moderate,Smooth Delivery
2024-03-28,V050,D081,R019,Chennai,Nagpur,1376,1397,217.54,29.71,1.83,2.85,No,Rainy,Heavy,Smooth Delivery
2024-04-24,V011,D085,R019,Bangalore,Nagpur,955,918,177.13,21.97,0.06,15.43,Yes,Foggy,Heavy,Late Departure
2024-02-29,V040,D058,R011,Kolkata,Jaipur,1231,1210,154.78,27.52,0.89,16.05,Yes,Clear,Heavy,Late Departure
2024-03-13,V016,D021,R003,Chennai,Nagpur,1105,1167,171.07,20.58,0.82,16.55,Yes,Rainy,Heavy,Vehicle Breakdown
2024-01-14,V023,D018,R016,Hyderabad,Jaipur,660,664,88.36,16.42,0.51,14.2,Yes,Stormy,Moderate,Late Departure
2024-04-06,V022,D074,R017,Hyderabad,Indore,526,516,90.73,12.8,1.7,18.01,No,Clear,Light,Late Departure
2024-01-19,V032,D013,R005,Bangalore,Surat,1031,1083,144.72,22.48,0.11,3.81,Yes,Foggy,Light,Traffic Jam
2024-03-12,V003,D066,R014,Bangalore,Jaipur,1370,1415,236.49,34.76,0.94,14.0,Yes,Foggy,Light,Vehicle Breakdown
2024-04-21,V011,D014,R012,Hyderabad,Indore,1395,1405,189.67,28.03,1.99,19.73,No,Foggy,Heavy,Traffic Jam
2024-03-25,V029,D036,R016,Chennai,Pune,428,425,61.29,8.21,1.3,16.21,No,Stormy,Heavy,Late Departure
2024-01-07,V011,D098,R009,Bangalore,Jaipur,1286,1301,192.13,35.61,6.38,16.4,No,Foggy,Light,Smooth Delivery
2024-03-01,V025,D094,R001,Kolkata,Ahmedabad,696,751,106.03,17.97,0.05,17.56,Yes,Stormy,Heavy,Traffic Jam
2024-02-08,V031,D061,R009,Hyderabad,Nagpur,1152,1162,200.64,24.92,0.82,13.73,Yes,Foggy,Heavy,Weather Delay
2024-04-28,V049,D014,R007,Bangalore,Ahmedabad,1325,1354,190.93,25.45,0.33,7.93,Yes,Clear,Light,Vehicle Breakdown
2024-01-21,V024,D048,R005,Delhi,Nagpur,392,398,50.47,9.27,0.72,13.76,Yes,Rainy,Heavy,Traffic Jam
2024-02-17,V017,D085,R016,Delhi,Indore,1136,1150,146.43,21.48,1.08,13.61,No,Stormy,Heavy,Late Departure
2024-02-23,V045,D022,R017,Kolkata,Jaipur,1474,1413,199.37,29.99,0.67,5.95,Yes,Clear,Heavy,Smooth Delivery
2024-01-04,V048,D051,R011,Bangalore,Ahmedabad,481,522,83.12,10.01,0.05,9.45,Yes,Foggy,Heavy,Late Departure
2024-01-18,V028,D047,R005,Kolkata,Jaipur,917,983,159.51,19.48,0.35,9.5,Yes,Stormy,Light,Weather Delay
2024-03-02,V025,D028,R002,Chennai,Surat,410,446,66.57,7.73,3.48,18.99,No,Stormy,Light,Weather Delay
2024-01-26,V030,D091,R015,Chennai,Nagpur,1316,1426,284.64,24.52,0.22,2.72,Yes,Clear,Heavy,Weather Delay
2024-03-03,V050,D051,R018,Hyderabad,Lucknow,458,438,72.44,9.66,0.77,2.46,Yes,Stormy,Heavy,Late Departure
2024-04-10,V025,D054,R019,Mumbai,Lucknow,1327,1355,214.18,26.47,0.49,5.92,Yes,Foggy,Moderate,Vehicle Breakdown
2024-01-28,V004,D020,R017,Mumbai,Ahmedabad,502,496,83.91,10.68,0.96,8.06,Yes,Foggy,Heavy,Smooth Delivery
2024-01-02,V010,D009,R015,Hyderabad,Pune,602,605,98.97,11.06,0.4,16.73,Yes,Rainy,Light,Smooth Delivery
2024-01-09,V033,D027,R008,Bangalore,Jaipur,784,828,165.05,14.29,2.12,14.28,No,Foggy,Moderate,Traffic Jam
2024-01-23,V036,D062,R013,Mumbai,Jaipur,1260,1273,190.98,31.45,0.05,17.05,Yes,Clear,Moderate,Vehicle Breakdown
2024-03-20,V012,D047,R011,Hyderabad,Lucknow,830,900,164.01,16.36,2.03,5.21,No,Foggy,Moderate,Late Departure
2024-03-10,V036,D023,R011,Bangalore,Nagpur,955,967,154.27,19.02,2.73,3.71,No,Stormy,Light,Vehicle Breakdown
2024-04-22,V043,D028,R004,Chennai,Surat,671,694,95.26,13.23,0.24,11.46,Yes,Clear,Moderate,Traffic Jam
2024-03-13,V044,D060,R008,Mumbai,Surat,916,988,165.9,21.06,2.45,3.61,No,Clear,Heavy,Traffic Jam
2024-03-08,V021,D073,R015,Mumbai,Ahmedabad,1256,1355,228.37,35.86,0.4,3.61,Yes,Clear,Heavy,Smooth Delivery
2024-01-31,V007,D036,R012,Bangalore,Surat,799,770,108.78,20.34,4.09,11.3,No,Foggy,Moderate,Late Departure
2024-01-22,V001,D056,R016,Delhi,Ahmedabad,1010,1029,163.26,20.67,0.9,4.31,Yes,Clear,Moderate,Vehicle Breakdown
2024-01-15,V040,D045,R008,Hyderabad,Lucknow,1003,1085,172.63,27.49,1.13,13.65,No,Stormy,Heavy,Traffic Jam
2024-03-08,V046,D061,R003,Hyderabad,Pune,1000,991,133.9,20.66,1.58,9.57,No,Foggy,Moderate,Vehicle Breakdown
2024-01-15,V007,D025,R014,Chennai,Indore,317,346,59.42,6.81,0.55,15.41,Yes,Stormy,Moderate,Late Departure
2024-03-10,V045,D013,R015,Delhi,Ahmedabad,1115,1067,207.68,21.77,0.85,8.14,Yes,Rainy,Light,Smooth Delivery
2024-02-03,V033,D077,R001,Delhi,Ahmedabad,375,390,54.89,9.61,0.31,19.25,Yes,Foggy,Moderate,Traffic Jam
2024-01-08,V041,D095,R006,Bangalore,Surat,1026,1065,172.6,20.11,1.12,6.35,No,Clear,Light,Traffic Jam
2024-04-04,V010,D001,R019,Hyderabad,Surat,1277,1252,202.24,24.46,0.1,5.93,Yes,Rainy,Heavy,Smooth Delivery
2024-04-26,V003,D076,R014,Delhi,Ahmedabad,1444,1565,291.69,30.34,0.36,12.91,Yes,Clear,Heavy,Traffic Jam
2024-04-13,V046,D027,R001,Kolkata,Jaipur,1491,1502,283.13,31.96,1.72,14.24,No,Clear,Light,Late Departure
2024-02-14,V014,D095,R018,Hyderabad,Pune,669,699,107.53,14.74,1.51,14.42,No,Rainy,Heavy,Weather Delay
2024-03-06,V037,D059,R006,Bangalore,Pune,1331,1395,206.34,34.92,0.35,6.68,Yes,Clear,Light,Late Departure
2024-02-03,V026,D091,R002,Bangalore,Nagpur,368,400,54.96,7.99,0.44,4.0,Yes,Stormy,Light,Weather Delay
2024-03-06,V033,D071,R004,Hyderabad,Nagpur,1268,1375,179.08,34.07,2.39,10.04,No,Stormy,Heavy,Traffic Jam
2024-02-15,V029,D064,R019,Hyderabad,Nagpur,672,671,92.97,14.21,2.27,3.34,No,Clear,Moderate,Vehicle Breakdown
2024-01-28,V005,D094,R001,Hyderabad,Indore,1252,1249,209.64,30.1,1.05,7.09,No,Clear,Heavy,Vehicle Breakdown
2024-01-24,V008,D081,R013,Mumbai,Ahmedabad,463,470,77.01,9.31,1.39,13.77,No,Rainy,Light,Late Departure
2024-03-04,V006,D021,R013,Kolkata,Pune,1224,1201,200.95,34.55,0.17,6.77,Yes,Stormy,Heavy,Traffic Jam
2024-04-21,V050,D059,R008,Delhi,Jaipur,1127,1081,158.79,20.5,0.16,16.78,Yes,Clear,Moderate,Traffic Jam
2024-04-01,V044,D089,R020,Mumbai,Indore,1276,1234,176.04,26.66,3.5,4.05,No,Foggy,Light,Late Departure
2024-04-25,V001,D015,R015,Chennai,Lucknow,458,456,86.49,10.61,3.64,16.07,No,Stormy,Light,Traffic Jam
2024-01-10,V038,D034,R001,Bangalore,Indore,675,714,108.2,12.82,0.9,4.69,Yes,Rainy,Heavy,Late Departure
2024-02-20,V044,D048,R008,Kolkata,Ahmedabad,362,389,66.62,10.04,0.2,12.96,Yes,Stormy,Light,Smooth Delivery
2024-04-07,V019,D033,R007,Hyderabad,Jaipur,660,687,118.85,13.32,2.23,18.57,No,Rainy,Light,Weather Delay
2024-04-19,V024,D094,R011,Hyderabad,Lucknow,1390,1442,196.5,27.77,0.45,7.58,Yes,Stormy,Heavy,Traffic Jam
2024-01-30,V004,D058,R017,Mumbai,Pune,971,992,196.16,23.71,0.96,3.95,Yes,Rainy,Moderate,Vehicle Breakdown
2024-01-03,V001,D099,R003,Mumbai,Ahmedabad,1457,1411,220.82,29.36,2.69,11.83,No,Stormy,Heavy,Vehicle Breakdown
2024-02-08,V017,D037,R012,Kolkata,Nagpur,617,630,102.39,15.88,0.24,16.25,Yes,Rainy,Heavy,Late Departure
2024-04-23,V042,D001,R011,Chennai,Jaipur,312,318,43.14,6.36,0.32,11.19,Yes,Stormy,Heavy,Traffic Jam
2024-03-06,V017,D063,R004,Hyderabad,Jaipur,1391,1414,225.46,30.34,6.03,16.63,No,Rainy,Moderate,Traffic Jam
2024-01-21,V026,D098,R011,Bangalore,Lucknow,1272,1380,271.18,33.64,0.13,6.74,Yes,Stormy,Moderate,Late Departure
2024-04-10,V040,D092,R017,Chennai,Lucknow,1157,1175,169.65,25.7,3.5,18.92,No,Foggy,Light,Late Departure
2024-02-22,V047,D008,R003,Chennai,Ahmedabad,1141,1111,146.98,25.56,0.91,16.13,Yes,Clear,Moderate,Late Departure
2024-03-13,V034,D068,R019,Chennai,Lucknow,933,899,117.56,19.27,3.12,19.9,No,Clear,Heavy,Traffic Jam
2024-01-21,V050,D033,R006,Hyderabad,Indore,675,693,131.26,17.61,0.59,3.86,Yes,Foggy,Light,Late Departure
2024-04-27,V016,D073,R001,Delhi,Jaipur,512,549,93.2,9.39,1.82,5.12,No,Stormy,Light,Vehicle Breakdown
2024-02-02,V006,D072,R019,Bangalore,Ahmedabad,522,533,83.27,11.64,1.15,2.56,No,Rainy,Moderate,Weather Delay
2024-03-03,V035,D083,R020,Chennai,Lucknow,1150,1210,187.26,22.63,2.53,6.15,No,Clear,Moderate,Traffic Jam
2024-04-14,V009,D038,R018,Delhi,Lucknow,1017,973,136.86,18.64,0.89,6.67,Yes,Clear,Heavy,Vehicle Breakdown
2024-03-25,V028,D049,R010,Delhi,Jaipur,505,491,83.75,12.15,0.83,13.8,Yes,Foggy,Heavy,Smooth Delivery
2024-02-09,V026,D055,R008,Hyderabad,Nagpur,839,831,161.27,19.76,2.9,10.97,No,Clear,Moderate,Traffic Jam
2024-02-21,V034,D014,R009,Kolkata,Nagpur,1088,1191,182.93,26.85,0.32,14.5,Yes,Rainy,Heavy,Vehicle Breakdown
2024-01-03,V041,D054,R008,Hyderabad,Jaipur,1224,1261,185.11,24.43,1.94,2.78,No,Stormy,Light,Late Departure
2024-01-10,V008,D038,R013,Mumbai,Pune,393,420,63.65,9.17,1.16,13.02,No,Stormy,Light,Smooth Delivery
2024-02-14,V047,D098,R008,Hyderabad,Pune,1084,1054,168.58,25.99,0.65,3.64,Yes,Stormy,Heavy,Late Departure
2024-01-15,V039,D012,R020,Bangalore,Lucknow,1425,1387,252.85,33.56,3.37,5.71,No,Clear,Moderate,Late Departure
2024-04-19,V029,D008,R005,Hyderabad,Indore,509,515,86.78,10.03,0.08,5.54,Yes,Foggy,Moderate,Late Departure
2024-02-25,V001,D063,R006,Delhi,Surat,562,551,69.06,12.11,0.22,6.9,Yes,Foggy,Moderate,Traffic Jam
2024-04-09,V005,D093,R009,Mumbai,Indore,644,628,116.86,12.64,1.03,13.36,No,Stormy,Heavy,Weather Delay
2024-04-11,V024,D067,R009,Kolkata,Nagpur,1230,1229,184.5,30.63,0.55,13.74,Yes,Rainy,Light,Vehicle Breakdown
2024-04-08,V024,D088,R001,Kolkata,Ahmedabad,373,362,52.83,7.17,0.19,18.15,Yes,Clear,Heavy,Traffic Jam
2024-02-27,V044,D047,R014,Kolkata,Lucknow,470,452,74.75,9.96,1.23,3.74,No,Rainy,Light,Vehicle Breakdown
2024-03-10,V048,D023,R016,Hyderabad,Surat,1267,1355,171.1,32.8,3.38,12.02,No,Foggy,Heavy,Smooth Delivery
2024-03-11,V005,D013,R006,Bangalore,Surat,464,505,91.35,9.13,0.09,17.9,Yes,Foggy,Moderate,Traffic Jam
2024-03-28,V003,D035,R017,Delhi,Nagpur,993,1043,170.68,25.59,2.54,12.86,No,Clear,Light,Late Departure
2024-02-15,V003,D018,R018,Delhi,Ahmedabad,1207,1211,191.27,23.42,0.62,3.61,Yes,Stormy,Moderate,Vehicle Breakdown
2024-01-20,V046,D012,R014,Kolkata,Surat,410,445,72.22,9.77,0.34,18.15,Yes,Rainy,Moderate,Weather Delay
2024-03-19,V001,D072,R018,Chennai,Lucknow,536,526,76.12,10.19,0.05,16.92,Yes,Stormy,Heavy,Smooth Delivery
2024-01-07,V010,D017,R016,Chennai,Nagpur,933,943,135.22,21.98,1.78,6.58,No,Foggy,Moderate,Traffic Jam
2024-02-01,V010,D062,R005,Mumbai,Nagpur,801,763,97.28,22.67,2.61,5.04,No,Foggy,Heavy,Weather Delay
2024-02-29,V050,D017,R004,Hyderabad,Pune,1447,1459,195.38,36.99,3.01,10.96,No,Foggy,Light,Smooth Delivery
2024-02-17,V010,D062,R014,Kolkata,Indore,987,991,141.83,23.6,0.64,15.2,Yes,Foggy,Heavy,Weather Delay
2024-01-01,V005,D018,R007,Chennai,Jaipur,507,505,90.14,9.91,2.45,10.96,No,Stormy,Moderate,Late Departure
2024-04-10,V035,D016,R007,Chennai,Nagpur,1263,1299,183.26,27.95,0.81,19.91,Yes,Foggy,Light,Vehicle Breakdown
2024-02-11,V024,D020,R002,Bangalore,Pune,1457,1416,208.91,27.64,1.74,17.86,No,Rainy,Moderate,Weather Delay
2024-03-25,V023,D022,R014,Mumbai,Ahmedabad,1328,1328,228.34,25.53,0.75,14.77,Yes,Clear,Light,Weather Delay
2024-02-24,V005,D016,R010,Kolkata,Indore,950,923,127.0,20.66,0.47,10.9,Yes,Stormy,Light,Weather Delay
2024-03-05,V042,D011,R013,Delhi,Nagpur,1367,1441,286.16,28.63,1.17,5.97,No,Rainy,Light,Smooth Delivery
2024-02-22,V019,D036,R004,Hyderabad,Indore,1120,1190,201.34,27.63,0.96,14.17,Yes,Rainy,Moderate,Vehicle Breakdown
2024-04-19,V046,D081,R014,Chennai,Surat,1329,1447,266.77,30.96,0.1,15.65,Yes,Foggy,Moderate,Smooth Delivery
2024-01-05,V020,D023,R019,Delhi,Nagpur,1239,1260,176.95,29.9,2.79,11.63,No,Clear,Heavy,Late Departure
2024-01-03,V014,D096,R005,Delhi,Ahmedabad,1283,1400,267.36,28.33,2.18,12.8,No,Foggy,Moderate,Traffic Jam
2024-01-25,V012,D078,R020,Bangalore,Lucknow,863,822,103.83,21.07,0.43,10.74,Yes,Stormy,Heavy,Traffic Jam
2024-03-04,V019,D037,R006,Bangalore,Ahmedabad,774,798,109.33,18.06,0.87,11.63,Yes,Stormy,Heavy,Smooth Delivery
2024-04-16,V049,D012,R020,Hyderabad,Indore,341,344,44.42,6.55,0.91,2.0,Yes,Rainy,Light,Late Departure
2024-02-29,V017,D095,R010,Chennai,Surat,598,648,120.6,14.99,0.25,5.24,Yes,Rainy,Heavy,Late Departure
2024-01-18,V050,D093,R020,Hyderabad,Pune,1174,1256,186.39,21.69,0.39,10.74,Yes,Stormy,Heavy,Vehicle Breakdown
2024-01-12,V013,D063,R010,Chennai,Jaipur,1401,1536,205.37,28.26,0.31,15.85,Yes,Clear,Moderate,Vehicle Breakdown
2024-03-24,V019,D096,R009,Delhi,Nagpur,1444,1447,219.52,30.6,1.41,15.08,No,Stormy,Moderate,Vehicle Breakdown
2024-02-05,V037,D068,R009,Kolkata,Surat,544,570,109.51,12.32,1.64,7.33,No,Clear,Light,Traffic Jam
2024-02-16,V038,D031,R006,Mumbai,Surat,634,632,117.61,14.62,6.49,7.14,No,Foggy,Moderate,Late Departure
2024-01-27,V025,D051,R003,Kolkata,Ahmedabad,630,648,89.63,17.86,3.46,8.96,No,Foggy,Light,Smooth Delivery
2024-04-24,V035,D048,R014,Chennai,Pune,599,647,126.45,15.8,0.58,8.22,Yes,Clear,Moderate,Smooth Delivery
2024-02-27,V011,D006,R012,Chennai,Indore,1345,1448,287.67,28.12,0.21,16.82,Yes,Foggy,Light,Vehicle Breakdown
2024-04-02,V017,D037,R001,Mumbai,Ahmedabad,1291,1377,211.85,32.89,1.51,4.81,No,Foggy,Moderate,Late Departure
2024-04-22,V050,D068,R005,Kolkata,Indore,1076,1052,152.91,19.63,3.33,12.68,No,Clear,Moderate,Weather Delay
2024-02-20,V015,D057,R013,Hyderabad,Nagpur,681,701,87.68,14.82,0.82,18.37,Yes,Clear,Moderate,Vehicle Breakdown
2024-03-17,V045,D024,R015,Mumbai,Lucknow,1074,1058,199.9,22.52,0.15,8.72,Yes,Rainy,Light,Smooth Delivery
2024-02-02,V016,D084,R012,Kolkata,Indore,895,907,136.54,16.32,0.37,8.76,Yes,Clear,Heavy,Traffic Jam
2024-01-30,V002,D087,R005,Mumbai,Surat,1179,1143,167.53,23.79,0.99,6.42,Yes,Clear,Heavy,Late Departure
2024-01-19,V046,D084,R014,Hyderabad,Pune,1093,1140,172.27,28.45,0.78,9.83,Yes,Clear,Moderate,Late Departure
2024-03-10,V043,D071,R010,Mumbai,Nagpur,483,530,70.22,9.72,3.29,15.24,No,Clear,Heavy,Weather Delay
2024-04-14,V010,D065,R005,Mumbai,Surat,1464,1589,307.73,33.18,2.06,12.5,No,Foggy,Light,Smooth Delivery
2024-02-09,V024,D003,R007,Mumbai,Surat,889,867,143.98,21.5,0.45,8.18,Yes,Clear,Moderate,Smooth Delivery
2024-01-17,V012,D048,R002,Chennai,Pune,1355,1391,183.88,27.19,2.7,17.9,No,Rainy,Heavy,Late Departure
2024-03-25,V034,D052,R020,Hyderabad,Ahmedabad,649,657,108.81,17.95,4.0,3.18,No,Rainy,Heavy,Vehicle Breakdown
2024-01-03,V037,D099,R009,Bangalore,Nagpur,1357,1440,234.74,25.14,0.82,16.7,Yes,Stormy,Heavy,Late Departure
2024-01-19,V001,D054,R019,Delhi,Lucknow,301,298,50.53,6.42,9.31,11.32,No,Rainy,Moderate,Traffic Jam
2024-01-30,V010,D058,R015,Chennai,Indore,949,1034,140.51,18.64,0.86,8.96,Yes,Foggy,Light,Smooth Delivery
2024-01-08,V009,D019,R009,Hyderabad,Nagpur,1355,1326,168.02,25.01,2.06,7.33,No,Rainy,Moderate,Late Departure
2024-02-13,V006,D078,R006,Kolkata,Lucknow,1366,1347,169.1,37.6,2.78,8.4,No,Stormy,Moderate,Weather Delay
2024-04-24,V023,D027,R005,Hyderabad,Ahmedabad,909,920,122.73,24.69,0.66,19.14,Yes,Rainy,Light,Weather Delay
2024-01-06,V001,D013,R015,Kolkata,Surat,423,446,61.39,8.43,0.09,5.66,Yes,Foggy,Moderate,Smooth Delivery
2024-04-11,V043,D091,R020,Bangalore,Lucknow,430,440,72.08,9.95,2.28,2.26,No,Foggy,Light,Traffic Jam
2024-02-29,V008,D041,R013,Delhi,Surat,652,683,136.59,17.98,0.79,17.14,Yes,Foggy,Moderate,Weather Delay
2024-01-07,V049,D033,R016,Hyderabad,Nagpur,1432,1391,208.74,29.48,0.39,11.22,Yes,Foggy,Light,Smooth Delivery
2024-04-15,V014,D026,R012,Delhi,Lucknow,991,1076,164.61,25.98,1.48,12.66,No,Rainy,Light,Weather Delay
2024-02-16,V008,D052,R020,Mumbai,Nagpur,515,491,93.14,13.5,0.22,6.67,Yes,Foggy,Heavy,Traffic Jam
2024-03-23,V027,D077,R014,Mumbai,Jaipur,811,825,134.91,15.36,1.42,17.77,No,Rainy,Heavy,Vehicle Breakdown
2024-01-18,V001,D086,R009,Bangalore,Ahmedabad,1247,1283,243.47,28.17,2.59,5.49,No,Rainy,Moderate,Smooth Delivery
2024-01-04,V013,D033,R001,Mumbai,Nagpur,739,712,118.9,17.28,0.55,4.43,Yes,Foggy,Moderate,Traffic Jam
2024-04-26,V026,D083,R017,Hyderabad,Surat,726,717,101.75,16.99,1.5,11.65,No,Stormy,Moderate,Weather Delay
2024-03-02,V031,D088,R018,Kolkata,Surat,629,649,112.96,13.85,0.04,9.77,Yes,Rainy,Light,Weather Delay
2024-04-07,V005,D083,R012,Bangalore,Pune,1240,1284,231.52,30.9,0.37,3.27,Yes,Stormy,Heavy,Vehicle Breakdown
2024-01-01,V022,D051,R004,Bangalore,Ahmedabad,381,381,48.0,9.05,0.93,13.76,Yes,Rainy,Heavy,Weather Delay
2024-04-29,V033,D033,R020,Hyderabad,Ahmedabad,859,899,114.53,16.47,2.37,19.13,No,Foggy,Light,Traffic Jam
2024-02-16,V048,D080,R001,Bangalore,Jaipur,1007,991,144.65,19.09,1.47,19.59,No,Foggy,Heavy,Traffic Jam
2024-03-24,V023,D025,R019,Mumbai,Nagpur,553,533,84.36,10.14,0.72,15.31,Yes,Clear,Moderate,Late Departure
2024-04-10,V012,D016,R015,Delhi,Indore,1142,1090,153.86,21.27,0.72,2.38,Yes,Stormy,Moderate,Smooth Delivery
2024-04-05,V008,D020,R007,Bangalore,Ahmedabad,312,297,38.69,6.31,0.17,2.98,Yes,Foggy,Heavy,Weather Delay
2024-01-01,V045,D089,R013,Mumbai,Nagpur,1414,1514,203.78,37.8,0.54,16.04,Yes,Stormy,Heavy,Smooth Delivery
2024-04-05,V034,D018,R017,Chennai,Surat,495,509,64.68,11.09,1.69,11.18,No,Rainy,Heavy,Vehicle Breakdown
2024-02-24,V013,D033,R002,Chennai,Pune,744,812,131.05,18.79,0.59,17.35,Yes,Rainy,Moderate,Smooth Delivery
2024-01-15,V035,D058,R015,Mumbai,Pune,485,496,81.81,10.57,0.21,2.1,Yes,Clear,Light,Weather Delay
2024-03-23,V006,D068,R007,Chennai,Surat,1374,1363,200.0,27.91,2.63,18.68,No,Rainy,Moderate,Smooth Delivery
2024-01-22,V018,D005,R012,Kolkata,Jaipur,1008,1019,141.11,27.62,0.09,4.25,Yes,Rainy,Moderate,Late Departure
2024-03-11,V010,D090,R019,Hyderabad,Indore,374,380,67.45,9.18,1.57,8.45,No,Rainy,Light,Late Departure
2024-04-07,V048,D074,R007,Kolkata,Surat,326,336,53.87,8.49,0.12,6.25,Yes,Rainy,Moderate,Late Departure
2024-01-01,V045,D063,R012,Kolkata,Pune,1362,1305,190.35,26.75,0.62,8.97,Yes,Foggy,Moderate,Traffic Jam
2024-04-09,V006,D046,R010,Kolkata,Nagpur,739,792,139.74,19.77,1.04,13.63,No,Stormy,Light,Traffic Jam
2024-02-22,V033,D005,R013,Mumbai,Nagpur,1447,1504,210.6,40.04,0.84,6.29,Yes,Stormy,Light,Vehicle Breakdown
2024-02-13,V037,D060,R015,Bangalore,Nagpur,1271,1352,177.47,31.28,0.15,6.56,Yes,Foggy,Moderate,Late Departure
2024-03-29,V023,D009,R015,Kolkata,Pune,860,830,139.09,18.79,5.46,9.19,No,Rainy,Light,Vehicle Breakdown
2024-04-24,V030,D009,R010,Hyderabad,Nagpur,331,325,59.09,8.61,0.32,15.72,Yes,Clear,Light,Weather Delay
2024-01-01,V007,D037,R013,Bangalore,Nagpur,661,634,79.33,14.54,1.18,8.44,No,Foggy,Moderate,Smooth Delivery
2024-01-17,V048,D054,R003,Delhi,Ahmedabad,1119,1178,183.65,26.91,0.46,18.66,Yes,Rainy,Heavy,Weather Delay
2024-02-21,V037,D052,R011,Bangalore,Ahmedabad,1096,1089,172.61,26.09,0.14,5.35,Yes,Rainy,Light,Late Departure
2024-03-04,V041,D039,R003,Kolkata,Ahmedabad,1114,1089,153.79,25.83,2.28,14.76,No,Rainy,Moderate,Traffic Jam
2024-01-27,V039,D055,R001,Hyderabad,Ahmedabad,1471,1439,215.14,29.5,1.5,12.8,No,Clear,Moderate,Late Departure
2024-01-04,V006,D072,R003,Kolkata,Surat,688,729,141.0,13.86,0.48,12.29,Yes,Clear,Moderate,Traffic Jam
2024-01-13,V014,D056,R014,Kolkata,Nagpur,1260,1242,165.24,28.24,1.54,16.29,No,Clear,Moderate,Smooth Delivery
2024-02-24,V008,D079,R007,Hyderabad,Lucknow,1096,1188,165.09,28.86,2.89,13.13,No,Rainy,Moderate,Weather Delay
2024-02-27,V016,D017,R008,Bangalore,Indore,1150,1197,154.17,28.77,0.41,11.24,Yes,Stormy,Light,Smooth Delivery
2024-03-30,V034,D078,R006,Delhi,Nagpur,1390,1477,232.9,29.15,0.9,12.99,Yes,Stormy,Light,Vehicle Breakdown
2024-02-09,V010,D043,R014,Chennai,Lucknow,626,671,121.09,12.8,2.32,10.05,No,Rainy,Light,Traffic Jam
2024-02-11,V040,D008,R001,Hyderabad,Pune,1199,1197,237.47,23.54,0.6,8.43,Yes,Rainy,Heavy,Traffic Jam
2024-04-24,V009,D005,R014,Delhi,Lucknow,1490,1490,229.36,30.38,2.22,9.07,No,Stormy,Moderate,Late Departure
2024-02-08,V045,D042,R001,Delhi,Surat,1022,1072,149.68,24.96,0.15,18.1,Yes,Foggy,Moderate,Late Departure
2024-02-26,V014,D004,R014,Hyderabad,Nagpur,1387,1458,209.96,38.34,2.55,12.19,No,Foggy,Light,Vehicle Breakdown
2024-03-01,V035,D003,R020,Hyderabad,Lucknow,351,378,47.71,6.48,2.91,2.2,No,Rainy,Light,Late Departure
2024-04-14,V006,D064,R002,Chennai,Lucknow,561,607,116.17,10.78,0.49,12.98,Yes,Rainy,Light,Late Departure
2024-02-08,V028,D049,R013,Kolkata,Jaipur,1253,1197,163.67,33.65,0.79,16.71,Yes,Rainy,Light,Smooth Delivery
2024-03-28,V001,D100,R012,Mumbai,Indore,1241,1308,260.65,28.82,0.06,14.12,Yes,Clear,Light,Traffic Jam
2024-04-16,V042,D082,R005,Mumbai,Pune,1144,1253,179.88,28.97,0.66,19.58,Yes,Rainy,Heavy,Weather Delay
2024-01-26,V034,D095,R015,Kolkata,Surat,486,478,71.51,11.3,2.19,17.61,No,Stormy,Light,Vehicle Breakdown
2024-02-28,V045,D036,R011,Delhi,Jaipur,1042,1043,149.4,22.66,0.49,6.89,Yes,Clear,Heavy,Smooth Delivery
2024-02-15,V004,D078,R016,Chennai,Lucknow,558,575,105.27,10.89,0.11,3.7,Yes,Stormy,Heavy,Traffic Jam
2024-02-22,V008,D023,R006,Hyderabad,Ahmedabad,990,991,185.09,22.24,0.77,14.99,Yes,Stormy,Light,Smooth Delivery
2024-02-18,V036,D036,R018,Bangalore,Jaipur,708,773,106.46,18.35,4.11,9.06,No,Clear,Moderate,Vehicle Breakdown
2024-02-25,V039,D095,R004,Kolkata,Nagpur,769,785,125.3,18.94,3.38,7.98,No,Stormy,Heavy,Late Departure
2024-04-12,V039,D008,R006,Mumbai,Ahmedabad,391,405,70.8,7.67,2.23,7.33,No,Stormy,Heavy,Vehicle Breakdown
2024-04-03,V028,D002,R005,Mumbai,Ahmedabad,312,328,46.12,6.75,1.38,12.34,No,Clear,Light,Smooth Delivery
2024-02-13,V027,D010,R010,Bangalore,Ahmedabad,1279,1230,175.44,28.81,0.87,17.48,Yes,Foggy,Moderate,Late Departure
2024-02-03,V005,D074,R020,Hyderabad,Ahmedabad,1470,1401,243.49,39.28,0.05,6.96,Yes,Clear,Moderate,Smooth Delivery
2024-02-03,V035,D036,R006,Bangalore,Lucknow,1331,1461,251.43,27.57,0.19,12.83,Yes,Stormy,Heavy,Weather Delay
2024-04-01,V002,D010,R002,Bangalore,Jaipur,1169,1283,218.36,22.5,9.03,12.59,No,Clear,Moderate,Vehicle Breakdown
2024-01-27,V042,D074,R017,Mumbai,Jaipur,1363,1358,193.43,26.26,0.28,10.15,Yes,Clear,Heavy,Vehicle Breakdown
2024-02-07,V018,D079,R012,Chennai,Pune,1350,1347,230.25,25.85,0.82,8.1,Yes,Rainy,Heavy,Weather Delay
2024-02-24,V035,D038,R002,Chennai,Indore,373,388,68.57,9.42,1.1,9.37,No,Rainy,Light,Late Departure
2024-03-15,V029,D004,R003,Chennai,Jaipur,972,966,187.14,21.4,2.54,17.32,No,Stormy,Heavy,Weather Delay
2024-02-20,V037,D048,R008,Hyderabad,Nagpur,1241,1222,179.73,23.81,0.79,18.78,Yes,Stormy,Moderate,Traffic Jam
2024-03-25,V022,D080,R018,Kolkata,Ahmedabad,1105,1199,213.18,27.5,0.3,5.53,Yes,Foggy,Moderate,Weather Delay
2024-02-09,V004,D066,R020,Chennai,Jaipur,991,1076,138.07,27.5,1.35,12.16,No,Stormy,Light,Late Departure
2024-02-18,V004,D064,R018,Hyderabad,Pune,1367,1378,199.85,25.34,0.28,4.17,Yes,Stormy,Light,Traffic Jam
2024-03-27,V032,D021,R001,Hyderabad,Lucknow,452,431,70.75,10.83,0.85,11.06,Yes,Stormy,Light,Traffic Jam
2024-01-08,V007,D013,R013,Bangalore,Ahmedabad,621,660,106.86,14.92,2.63,17.3,No,Stormy,Moderate,Smooth Delivery
2024-03-18,V010,D086,R009,Kolkata,Jaipur,1107,1090,183.38,21.49,0.12,7.87,Yes,Stormy,Moderate,Smooth Delivery
2024-04-12,V031,D036,R007,Bangalore,Lucknow,884,899,161.66,22.9,0.83,15.58,Yes,Clear,Light,Smooth Delivery
2024-04-08,V007,D042,R007,Bangalore,Surat,489,526,66.27,13.4,0.37,15.62,Yes,Foggy,Moderate,Vehicle Breakdown
2024-01-21,V040,D001,R008,Chennai,Nagpur,1218,1255,209.76,31.14,0.49,9.73,Yes,Clear,Light,Smooth Delivery
2024-03-10,V027,D047,R005,Chennai,Pune,795,776,98.32,21.4,6.36,17.15,No,Clear,Moderate,Vehicle Breakdown
2024-02-28,V029,D068,R011,Mumbai,Ahmedabad,1230,1246,172.59,25.4,0.36,8.1,Yes,Clear,Heavy,Late Departure
2024-04-08,V037,D068,R001,Hyderabad,Lucknow,1306,1341,193.97,28.48,0.96,9.98,Yes,Rainy,Moderate,Late Departure
2024-04-22,V033,D013,R007,Delhi,Indore,421,431,68.38,9.19,3.28,13.39,No,Foggy,Moderate,Late Departure
2024-02-17,V002,D035,R001,Delhi,Ahmedabad,739,782,115.13,15.44,1.3,2.48,No,Foggy,Moderate,Late Departure
2024-04-05,V003,D006,R011,Kolkata,Indore,1085,1193,233.88,25.29,0.17,3.74,Yes,Foggy,Heavy,Vehicle Breakdown
2024-04-30,V038,D031,R014,Delhi,Lucknow,902,964,153.56,17.68,0.48,6.62,Yes,Rainy,Moderate,Weather Delay
2024-01-09,V020,D096,R014,Delhi,Ahmedabad,414,408,59.58,8.07,0.9,8.83,Yes,Stormy,Moderate,Smooth Delivery
2024-04-06,V043,D035,R014,Kolkata,Jaipur,945,1035,193.45,21.13,0.79,3.77,Yes,Rainy,Moderate,Late Departure
2024-01-18,V037,D093,R016,Hyderabad,Surat,793,785,154.37,15.09,1.4,16.67,No,Stormy,Moderate,Traffic Jam
2024-04-03,V045,D002,R020,Delhi,Indore,362,372,54.72,7.39,3.58,3.65,No,Stormy,Heavy,Vehicle Breakdown
2024-01-21,V030,D035,R020,Delhi,Indore,1392,1391,195.17,25.7,5.93,13.49,No,Foggy,Moderate,Smooth Delivery
2024-03-19,V011,D073,R001,Delhi,Pune,651,637,118.9,12.07,0.85,5.51,Yes,Stormy,Moderate,Vehicle Breakdown
2024-01-29,V021,D018,R009,Kolkata,Surat,957,1043,196.29,19.3,1.47,3.58,No,Stormy,Moderate,Vehicle Breakdown
2024-03-27,V028,D047,R012,Kolkata,Pune,320,320,58.72,6.8,0.97,2.08,Yes,Clear,Moderate,Vehicle Breakdown
2024-03-14,V033,D014,R001,Kolkata,Ahmedabad,696,763,126.14,17.33,0.38,4.86,Yes,Foggy,Heavy,Late Departure
2024-03-20,V030,D063,R007,Chennai,Jaipur,1319,1450,246.38,30.6,3.08,13.55,No,Rainy,Heavy,Weather Delay
2024-02-07,V032,D013,R014,Mumbai,Jaipur,996,1001,130.08,19.92,0.39,13.59,Yes,Stormy,Moderate,Weather Delay
2024-02-19,V019,D080,R019,Chennai,Nagpur,332,361,55.63,6.68,5.32,14.43,No,Clear,Heavy,Weather Delay
2024-04-13,V040,D025,R018,Kolkata,Ahmedabad,1315,1269,221.32,28.04,0.48,19.24,Yes,Rainy,Light,Vehicle Breakdown
2024-03-02,V037,D014,R011,Mumbai,Ahmedabad,824,832,130.58,16.81,1.11,8.88,No,Clear,Moderate,Vehicle Breakdown
2024-04-19,V029,D089,R012,Delhi,Surat,1476,1419,209.0,28.19,1.74,8.87,No,Stormy,Moderate,Smooth Delivery
2024-01-03,V031,D010,R013,Bangalore,Ahmedabad,1122,1087,145.93,20.84,0.74,15.12,Yes,Rainy,Heavy,Vehicle Breakdown
2024-03-19,V014,D086,R009,Mumbai,Jaipur,535,541,83.14,10.34,0.13,11.55,Yes,Clear,Heavy,Smooth Delivery
2024-01-23,V047,D084,R006,Delhi,Surat,431,423,70.27,9.0,0.04,12.69,Yes,Stormy,Light,Weather Delay
2024-02-25,V016,D013,R019,Chennai,Ahmedabad,1046,1038,148.11,27.65,2.0,13.62,No,Rainy,Moderate,Late Departure
2024-04-17,V025,D095,R020,Kolkata,Ahmedabad,1209,1324,171.2,29.73,0.04,13.8,Yes,Stormy,Light,Weather Delay
2024-01-29,V029,D056,R006,Delhi,Lucknow,1229,1278,251.46,32.81,1.32,18.41,No,Clear,Heavy,Smooth Delivery
2024-02-11,V044,D025,R009,Hyderabad,Nagpur,1099,1193,218.72,25.74,0.07,10.45,Yes,Rainy,Moderate,Vehicle Breakdown
2024-04-18,V022,D076,R016,Mumbai,Indore,1001,1064,144.37,22.25,0.15,8.86,Yes,Stormy,Light,Traffic Jam
2024-02-16,V033,D022,R019,Mumbai,Pune,1297,1413,248.38,31.33,2.06,15.2,No,Rainy,Moderate,Weather Delay
2024-04-28,V043,D005,R011,Delhi,Nagpur,1365,1483,240.58,30.14,0.94,18.7,Yes,Clear,Moderate,Late Departure
2024-01-26,V044,D034,R015,Kolkata,Pune,481,512,68.32,12.77,2.35,9.79,No,Clear,Moderate,Smooth Delivery
2024-04-14,V020,D090,R017,Delhi,Surat,563,536,103.47,11.59,0.7,17.63,Yes,Stormy,Moderate,Traffic Jam
2024-02-17,V024,D082,R018,Mumbai,Nagpur,351,372,73.44,7.2,0.32,9.61,Yes,Foggy,Heavy,Traffic Jam
2024-04-17,V029,D092,R010,Bangalore,Ahmedabad,978,1020,133.89,22.17,2.48,16.09,No,Rainy,Light,Smooth Delivery
2024-03-23,V047,D074,R006,Chennai,Surat,485,490,75.35,9.9,0.05,18.03,Yes,Stormy,Moderate,Late Departure
2024-03-04,V042,D039,R010,Hyderabad,Jaipur,1496,1593,277.13,27.39,0.3,18.45,Yes,Rainy,Heavy,Traffic Jam
2024-04-12,V020,D037,R019,Kolkata,Pune,473,472,64.75,10.72,2.0,4.8,No,Rainy,Light,Late Departure
2024-02-18,V019,D073,R007,Mumbai,Pune,685,678,127.93,13.1,0.53,14.5,Yes,Clear,Moderate,Traffic Jam
2024-02-21,V043,D013,R019,Mumbai,Jaipur,1259,1350,175.23,33.91,3.35,5.55,No,Rainy,Light,Late Departure
2024-01-09,V050,D056,R007,Kolkata,Nagpur,1497,1587,220.83,42.56,0.37,10.85,Yes,Clear,Heavy,Traffic Jam
2024-03-13,V049,D061,R011,Hyderabad,Jaipur,1486,1505,194.05,35.22,4.15,10.27,No,Rainy,Heavy,Late Departure
2024-04-28,V042,D061,R002,Chennai,Indore,517,565,78.34,10.02,0.17,12.55,Yes,Foggy,Moderate,Traffic Jam
2024-04-04,V044,D036,R004,Hyderabad,Ahmedabad,1162,1128,191.42,24.48,1.94,2.71,No,Rainy,Heavy,Smooth Delivery
2024-04-16,V037,D029,R004,Hyderabad,Ahmedabad,744,766,114.4,20.34,1.04,14.85,No,Foggy,Moderate,Vehicle Breakdown
2024-02-02,V024,D036,R020,Chennai,Nagpur,1289,1234,169.49,27.7,2.69,5.93,No,Rainy,Moderate,Weather Delay
2024-01-06,V016,D062,R007,Hyderabad,Surat,859,923,174.69,19.94,0.33,17.77,Yes,Rainy,Heavy,Vehicle Breakdown
2024-02-21,V031,D037,R007,Chennai,Lucknow,337,355,69.94,9.58,0.52,4.58,Yes,Foggy,Heavy,Smooth Delivery
2024-04-13,V021,D001,R003,Mumbai,Jaipur,1067,1114,159.34,19.82,4.56,13.86,No,Foggy,Light,Late Departure
2024-02-21,V007,D038,R015,Hyderabad,Lucknow,589,560,92.15,13.01,1.04,12.86,No,Stormy,Heavy,Weather Delay
2024-04-19,V032,D072,R009,Mumbai,Lucknow,958,1048,136.89,25.77,0.46,17.0,Yes,Clear,Moderate,Smooth Delivery
2024-03-25,V020,D066,R013,Mumbai,Pune,647,694,119.12,13.04,1.67,10.52,No,Clear,Heavy,Smooth Delivery
2024-04-30,V039,D028,R002,Kolkata,Lucknow,1212,1188,154.97,24.96,0.28,14.69,Yes,Rainy,Moderate,Smooth Delivery
2024-04-22,V023,D034,R013,Kolkata,Indore,1165,1236,161.34,29.53,6.73,4.76,No,Stormy,Moderate,Weather Delay
2024-01-14,V012,D016,R018,Mumbai,Lucknow,1279,1330,190.78,29.48,0.97,18.04,Yes,Clear,Moderate,Smooth Delivery
2024-02-09,V024,D099,R008,Bangalore,Pune,1220,1277,196.73,32.48,0.01,4.25,Yes,Clear,Moderate,Vehicle Breakdown
2024-03-05,V011,D075,R020,Mumbai,Indore,421,460,63.08,7.75,0.05,14.24,Yes,Stormy,Moderate,Vehicle Breakdown
2024-03-30,V001,D076,R006,Mumbai,Surat,875,837,113.94,20.53,0.15,12.22,Yes,Clear,Heavy,Traffic Jam
2024-04-25,V020,D072,R009,Bangalore,Ahmedabad,1254,1243,178.11,26.04,1.83,19.86,No,Stormy,Heavy,Weather Delay
2024-04-24,V023,D024,R001,Delhi,Jaipur,397,400,62.54,7.77,1.3,2.67,No,Rainy,Light,Smooth Delivery
2024-03-17,V023,D059,R004,Chennai,Pune,496,533,103.4,12.91,0.16,3.4,Yes,Foggy,Heavy,Smooth Delivery
2024-04-02,V010,D066,R010,Delhi,Surat,1297,1237,239.49,29.58,0.44,4.28,Yes,Stormy,Light,Weather Delay
2024-02-29,V031,D031,R005,Mumbai,Nagpur,566,593,104.43,16.0,0.81,7.59,Yes,Rainy,Moderate,Smooth Delivery
2024-01-19,V012,D032,R015,Chennai,Indore,883,881,139.05,18.25,1.44,18.87,No,Clear,Heavy,Smooth Delivery
2024-04-18,V030,D015,R017,Kolkata,Lucknow,863,886,138.06,21.98,2.11,4.53,No,Stormy,Moderate,Traffic Jam
2024-04-06,V016,D097,R012,Kolkata,Indore,1323,1354,216.16,27.47,3.74,19.04,No,Foggy,Moderate,Smooth Delivery
2024-04-27,V010,D097,R015,Mumbai,Nagpur,430,419,72.42,8.39,1.1,10.15,No,Rainy,Heavy,Traffic Jam
2024-03-26,V001,D008,R008,Chennai,Indore,401,423,62.15,7.37,1.32,10.39,No,Stormy,Moderate,Smooth Delivery
2024-03-28,V002,D042,R015,Bangalore,Lucknow,1151,1187,159.85,24.36,1.56,19.49,No,Foggy,Heavy,Vehicle Breakdown
2024-03-26,V013,D008,R011,Mumbai,Surat,1042,1086,176.85,21.34,1.62,2.25,No,Stormy,Light,Late Departure
2024-04-04,V027,D051,R016,Bangalore,Lucknow,595,606,83.83,13.23,2.27,10.12,No,Foggy,Moderate,Weather Delay
2024-03-18,V029,D049,R013,Chennai,Surat,680,746,126.9,18.46,0.84,11.75,Yes,Clear,Light,Traffic Jam
2024-02-13,V003,D052,R014,Kolkata,Surat,749,750,130.96,15.46,0.71,13.36,Yes,Foggy,Heavy,Traffic Jam
2024-04-10,V014,D031,R013,Chennai,Surat,946,1009,138.54,22.26,1.26,10.09,No,Rainy,Heavy,Late Departure
2024-04-22,V040,D061,R012,Kolkata,Pune,1212,1309,171.42,28.94,0.14,5.02,Yes,Stormy,Light,Vehicle Breakdown
2024-04-14,V033,D059,R019,Kolkata,Nagpur,384,385,57.52,7.98,0.6,14.01,Yes,Rainy,Heavy,Weather Delay
2024-03-02,V037,D021,R007,Delhi,Ahmedabad,395,430,61.82,10.35,1.3,11.75,No,Stormy,Light,Late Departure
2024-01-15,V012,D082,R007,Delhi,Ahmedabad,794,858,141.8,18.27,1.37,11.44,No,Rainy,Light,Smooth Delivery
2024-04-19,V017,D023,R017,Delhi,Indore,1173,1240,242.13,25.35,0.19,7.67,Yes,Clear,Moderate,Vehicle Breakdown
2024-01-05,V017,D098,R001,Hyderabad,Lucknow,749,785,143.45,18.19,1.82,13.71,No,Clear,Moderate,Traffic Jam
2024-03-26,V049,D028,R013,Chennai,Ahmedabad,653,629,93.44,17.21,0.44,10.27,Yes,Stormy,Heavy,Weather Delay
2024-04-10,V040,D057,R007,Chennai,Lucknow,349,337,42.23,9.11,2.28,16.94,No,Foggy,Moderate,Late Departure
2024-02-29,V035,D061,R018,Chennai,Lucknow,570,626,99.59,10.86,4.74,5.11,No,Foggy,Light,Late Departure
2024-04-15,V038,D074,R003,Bangalore,Ahmedabad,360,367,70.85,7.59,1.31,5.67,No,Clear,Moderate,Late Departure
2024-04-15,V017,D020,R003,Mumbai,Jaipur,1272,1360,266.05,24.88,0.04,13.82,Yes,Clear,Light,Weather Delay
2024-02-08,V032,D087,R011,Mumbai,Jaipur,645,620,107.76,13.05,0.49,11.2,Yes,Stormy,Moderate,Late Departure
2024-03-03,V014,D014,R010,Chennai,Lucknow,899,977,189.75,17.55,0.1,4.28,Yes,Stormy,Light,Vehicle Breakdown
2024-02-04,V032,D087,R018,Bangalore,Ahmedabad,984,952,119.26,25.49,3.41,19.84,No,Clear,Moderate,Smooth Delivery
2024-02-08,V050,D016,R004,Chennai,Lucknow,1377,1387,201.21,27.22,0.75,4.91,Yes,Foggy,Heavy,Late Departure
2024-01-19,V028,D079,R007,Delhi,Jaipur,950,964,131.77,18.77,0.39,5.15,Yes,Foggy,Moderate,Smooth Delivery
2024-01-15,V036,D075,R002,Delhi,Pune,761,828,161.34,15.31,0.07,17.08,Yes,Clear,Heavy,Traffic Jam
2024-04-14,V010,D043,R009,Mumbai,Nagpur,330,358,60.76,9.05,0.98,7.37,Yes,Rainy,Moderate,Smooth Delivery
2024-01-01,V040,D074,R014,Bangalore,Surat,1095,1108,158.4,27.94,0.66,16.09,Yes,Clear,Light,Weather Delay
2024-03-18,V014,D052,R015,Bangalore,Nagpur,1241,1298,217.1,25.7,2.17,12.66,No,Foggy,Heavy,Vehicle Breakdown
2024-01-21,V013,D045,R013,Kolkata,Pune,1254,1236,247.16,24.56,2.59,14.56,No,Foggy,Light,Traffic Jam
2024-04-17,V007,D003,R020,Mumbai,Surat,608,584,86.45,11.82,0.74,5.56,Yes,Stormy,Light,Traffic Jam
2024-02-11,V028,D098,R001,Bangalore,Pune,559,580,77.55,15.54,1.36,13.58,No,Clear,Light,Vehicle Breakdown
2024-01-16,V017,D021,R007,Delhi,Surat,489,508,73.09,10.27,0.21,6.23,Yes,Foggy,Light,Vehicle Breakdown
2024-02-17,V049,D017,R014,Bangalore,Surat,1244,1297,256.68,26.08,1.64,6.31,No,Foggy,Heavy,Vehicle Breakdown
2024-01-28,V021,D074,R011,Mumbai,Nagpur,736,765,115.87,18.3,0.93,18.37,Yes,Clear,Light,Vehicle Breakdown
2024-04-21,V049,D074,R016,Mumbai,Surat,457,463,67.2,12.8,0.12,3.46,Yes,Clear,Light,Weather Delay
2024-03-17,V017,D100,R017,Delhi,Jaipur,817,871,143.95,20.66,2.06,5.06,No,Foggy,Heavy,Late Departure
2024-03-22,V004,D086,R016,Kolkata,Lucknow,625,616,97.89,15.01,1.32,8.08,No,Rainy,Moderate,Weather Delay
2024-03-01,V010,D034,R018,Chennai,Jaipur,566,571,75.24,10.74,2.64,17.57,No,Stormy,Moderate,Late Departure
2024-02-29,V012,D083,R015,Bangalore,Ahmedabad,1339,1386,199.75,29.02,2.31,11.92,No,Rainy,Heavy,Weather Delay
2024-03-01,V050,D026,R010,Mumbai,Surat,941,909,122.36,18.74,2.57,5.43,No,Clear,Light,Traffic Jam
2024-04-29,V010,D010,R012,Bangalore,Jaipur,759,751,127.56,16.81,0.22,8.94,Yes,Rainy,Heavy,Vehicle Breakdown
2024-04-04,V038,D082,R019,Hyderabad,Jaipur,1171,1144,197.44,23.84,2.89,2.41,No,Stormy,Moderate,Smooth Delivery
2024-01-14,V016,D014,R002,Bangalore,Lucknow,620,641,125.49,16.89,1.83,15.24,No,Foggy,Light,Late Departure
2024-01-14,V024,D090,R009,Hyderabad,Indore,914,979,152.43,17.51,0.27,6.49,Yes,Rainy,Moderate,Vehicle Breakdown
2024-03-11,V017,D092,R003,Hyderabad,Indore,925,897,121.34,23.37,0.25,13.22,Yes,Rainy,Heavy,Smooth Delivery
2024-01-29,V020,D037,R001,Mumbai,Nagpur,1170,1125,219.1,31.51,0.0,14.55,Yes,Clear,Light,Traffic Jam
2024-02-02,V019,D093,R007,Chennai,Pune,591,611,108.53,14.9,2.5,11.03,No,Stormy,Moderate,Traffic Jam
2024-01-26,V029,D048,R007,Delhi,Indore,509,536,84.3,12.8,5.28,12.18,No,Clear,Moderate,Vehicle Breakdown
2024-03-29,V025,D054,R009,Kolkata,Jaipur,626,606,97.45,15.05,0.36,18.8,Yes,Clear,Moderate,Smooth Delivery
2024-03-29,V011,D093,R012,Kolkata,Surat,1357,1468,262.26,32.28,2.16,5.75,No,Clear,Heavy,Late Departure
2024-04-30,V050,D038,R004,Mumbai,Ahmedabad,1143,1187,167.2,23.77,1.84,14.72,No,Clear,Moderate,Traffic Jam
2024-03-28,V029,D079,R008,Delhi,Nagpur,928,1015,168.06,17.65,0.03,7.19,Yes,Rainy,Heavy,Late Departure
2024-02-23,V042,D020,R019,Kolkata,Pune,1027,983,141.37,27.74,2.8,13.64,No,Rainy,Light,Weather Delay
2024-04-02,V007,D093,R017,Kolkata,Indore,1334,1273,178.18,25.54,1.62,2.55,No,Foggy,Moderate,Late Departure
2024-02-08,V044,D086,R007,Mumbai,Nagpur,1132,1221,169.64,26.59,0.6,10.64,Yes,Stormy,Light,Vehicle Breakdown
2024-01-09,V040,D071,R003,Mumbai,Jaipur,1381,1491,259.03,37.3,3.0,2.47,No,Clear,Light,Weather Delay
2024-02-17,V024,D041,R011,Hyderabad,Ahmedabad,490,532,89.91,10.85,0.21,18.24,Yes,Rainy,Moderate,Traffic Jam
2024-01-30,V047,D052,R004,Mumbai,Nagpur,601,638,82.08,12.35,0.31,7.55,Yes,Foggy,Moderate,Smooth Delivery
2024-03-08,V019,D021,R002,Chennai,Surat,1254,1282,187.93,23.43,0.73,14.66,Yes,Rainy,Heavy,Smooth Delivery
2024-01-03,V001,D077,R018,Kolkata,Lucknow,834,912,167.12,15.96,0.82,15.18,Yes,Clear,Moderate,Vehicle Breakdown
2024-04-02,V011,D075,R013,Hyderabad,Indore,936,930,154.95,26.33,5.33,16.64,No,Stormy,Moderate,Weather Delay
2024-02-10,V004,D037,R001,Hyderabad,Pune,1259,1213,151.65,26.73,2.88,3.2,No,Clear,Moderate,Smooth Delivery
2024-04-27,V044,D075,R016,Chennai,Nagpur,1103,1112,158.65,29.71,1.01,9.97,No,Stormy,Heavy,Traffic Jam
2024-01-28,V044,D030,R008,Kolkata,Indore,1308,1284,217.6,24.07,0.51,5.84,Yes,Rainy,Moderate,Vehicle Breakdown
2024-02-28,V018,D038,R019,Hyderabad,Lucknow,426,438,62.46,8.61,2.11,2.66,No,Stormy,Moderate,Late Departure
2024-03-31,V032,D026,R011,Mumbai,Surat,375,378,51.63,7.06,1.38,2.94,No,Clear,Moderate,Weather Delay
2024-03-20,V047,D029,R003,Delhi,Nagpur,721,727,139.2,14.43,0.1,5.34,Yes,Rainy,Light,Traffic Jam
2024-03-30,V024,D010,R014,Mumbai,Surat,987,999,156.39,22.88,0.93,14.84,Yes,Rainy,Moderate,Traffic Jam
2024-04-08,V034,D010,R007,Mumbai,Ahmedabad,733,736,110.79,17.85,0.65,13.05,Yes,Stormy,Moderate,Vehicle Breakdown
2024-01-31,V050,D068,R004,Delhi,Surat,847,866,120.8,18.33,2.44,9.98,No,Rainy,Heavy,Vehicle Breakdown
2024-04-22,V040,D021,R006,Hyderabad,Surat,327,334,47.65,8.29,0.73,13.25,Yes,Rainy,Light,Vehicle Breakdown
2024-03-18,V032,D068,R009,Chennai,Lucknow,559,533,84.46,11.9,5.13,17.79,No,Clear,Heavy,Vehicle Breakdown
2024-02-03,V039,D017,R011,Delhi,Ahmedabad,1469,1457,223.41,40.66,0.41,15.95,Yes,Rainy,Heavy,Late Departure
2024-01-22,V018,D010,R015,Hyderabad,Nagpur,924,894,154.86,17.15,2.6,16.07,No,Rainy,Light,Smooth Delivery
2024-02-03,V033,D092,R001,Hyderabad,Indore,601,648,89.39,16.06,1.09,10.0,No,Rainy,Moderate,Smooth Delivery
2024-03-14,V023,D094,R019,Hyderabad,Indore,409,407,54.25,9.24,0.09,6.95,Yes,Rainy,Moderate,Weather Delay
2024-03-21,V048,D041,R002,Mumbai,Indore,1250,1230,160.52,26.07,1.23,11.12,No,Foggy,Heavy,Late Departure
2024-01-18,V007,D023,R013,Hyderabad,Pune,746,781,107.51,16.19,4.18,19.58,No,Rainy,Moderate,Traffic Jam
2024-04-09,V048,D091,R007,Hyderabad,Indore,995,1093,155.96,18.55,0.78,17.47,Yes,Foggy,Heavy,Weather Delay
2024-01-08,V029,D091,R019,Bangalore,Pune,880,956,123.96,17.05,0.78,4.86,Yes,Rainy,Heavy,Weather Delay
2024-04-12,V040,D021,R001,Chennai,Ahmedabad,752,752,102.99,18.96,0.98,12.18,Yes,Clear,Heavy,Smooth Delivery
2024-04-05,V050,D089,R018,Chennai,Pune,1202,1250,160.11,24.92,2.31,12.47,No,Stormy,Light,Weather Delay
2024-04-06,V012,D051,R020,Delhi,Ahmedabad,980,1053,181.83,25.0,3.91,14.48,No,Stormy,Light,Weather Delay
2024-03-17,V044,D057,R002,Kolkata,Ahmedabad,367,385,60.14,8.63,1.22,4.17,No,Stormy,Heavy,Vehicle Breakdown
2024-01-16,V016,D050,R010,Hyderabad,Indore,672,684,107.44,14.68,1.51,19.23,No,Rainy,Light,Weather Delay
2024-02-01,V021,D069,R007,Mumbai,Nagpur,1407,1474,192.65,30.5,1.48,3.26,No,Foggy,Light,Vehicle Breakdown
2024-01-25,V010,D052,R005,Mumbai,Lucknow,328,318,47.19,7.64,2.41,11.78,No,Clear,Moderate,Traffic Jam
2024-04-29,V049,D093,R019,Chennai,Indore,1353,1464,184.92,35.65,0.75,13.97,Yes,Foggy,Moderate,Smooth Delivery
2024-03-11,V014,D100,R008,Mumbai,Ahmedabad,990,985,169.8,19.31,5.9,15.93,No,Rainy,Heavy,Vehicle Breakdown
2024-03-18,V028,D056,R011,Bangalore,Indore,785,807,127.54,17.14,0.93,11.05,Yes,Rainy,Moderate,Weather Delay
2024-03-26,V004,D025,R003,Mumbai,Jaipur,708,694,90.0,14.13,1.71,19.1,No,Foggy,Light,Late Departure
2024-02-22,V008,D055,R012,Bangalore,Surat,1177,1168,222.75,22.84,9.67,12.41,No,Foggy,Light,Late Departure
